<?xml version = '1.0' encoding = 'UTF-8'?>
<FKArc class="oracle.dbtools.crest.model.design.relational.FKArc" directorySegmentName="seg_0" id="47DA52F1-E0F8-A4B7-84D8-B5D1FD187932" name="Arc_2">
<createdBy>dlicinio</createdBy>
<createdTime>2021-05-30 23:41:34 UTC</createdTime>
<ownerDesignName>Magazine_Wearing_Relacional_Moldar</ownerDesignName>
<mandatory>false</mandatory>
<reverseArc>true</reverseArc>
<table>20D1CA3E-AF5D-81EF-9589-F6E7C7082BC9</table>
<discriminatorColumn>3CE69FF6-E42D-D43F-5FA1-E2EB1399C7B4</discriminatorColumn>
<fkeys>
<fkeyID>E6944045-7E60-2FF2-1D72-37A0A7C12457</fkeyID>
<fkeyID>44B70005-0E3A-764E-CFA9-E9960956DFF3</fkeyID>
</fkeys>
</FKArc>