<?xml version = '1.0' encoding = 'UTF-8'?>
<FKArc class="oracle.dbtools.crest.model.design.relational.FKArc" directorySegmentName="seg_0" id="B435141D-09EC-228B-7D78-10AA35FB9B74" name="Arc_3">
<createdBy>dlicinio</createdBy>
<createdTime>2021-05-30 23:41:34 UTC</createdTime>
<ownerDesignName>Magazine_Wearing_Relacional_Moldar</ownerDesignName>
<mandatory>false</mandatory>
<reverseArc>true</reverseArc>
<table>D08B3C3F-4AFD-D71B-6A0E-58066826F5CC</table>
<discriminatorColumn>2FDF8FE0-B2EA-F21C-23EC-EE431FE2983E</discriminatorColumn>
<fkeys>
<fkeyID>F528EF69-F0D9-2909-5E0C-22CD46225441</fkeyID>
<fkeyID>0767D584-244D-B0BE-5F3E-20E036CB9EBC</fkeyID>
</fkeys>
</FKArc>