<?xml version = '1.0' encoding = 'UTF-8'?>
<Diagram class="oracle.dbtools.crest.swingui.logical.DPVLogical" name="Logical" id="732AC7DD-C8D3-5DF9-7286-50DFCA3A2DD1">
<createdBy>dlicinio</createdBy>
<modifiedBy>dlicinio</modifiedBy>
<createdTime>2021-05-11 23:24:19 UTC</createdTime>
<autoRoute>false</autoRoute>
<boxInbox>true</boxInbox>
<showLegend>false</showLegend>
<showLabels>false</showLabels>
<showRelAttributes>false</showRelAttributes>
<gridEnabled>false</gridEnabled>
<showGrid>false</showGrid>
<diagramColor>-1</diagramColor>
<display>false</display>
<notation>2</notation>
<objectViews>
<OView class="oracle.dbtools.crest.swingui.TVNote" oid="08574AF4-BEBC-299A-47DF-20D2D57DA589" otype="Note" vid="7CB3F99C-9D79-2AEA-E3AF-ED54F9E4EE54">
<hideElementsInCurrentOnly>false</hideElementsInCurrentOnly>
<bounds x="654" y="1141" width="79" height="21"/>
<comment>Coordenador</comment>
</OView>
<OView class="oracle.dbtools.crest.swingui.logical.TVEntity" oid="0C46A16F-2954-3A9A-612C-C08F98B9ED51" otype="Entity" vid="01DD17EA-8EFD-69B8-F9D8-9BA66FCD3A9C">
<hideElementsInCurrentOnly>false</hideElementsInCurrentOnly>
<bounds x="806" y="590" width="269" height="143"/>
</OView>
<OView class="oracle.dbtools.crest.swingui.logical.TVEntity" oid="1BE20992-1485-7334-DECB-B62863A626EF" otype="Entity" vid="2C583095-9A17-E2A3-10B9-F17AE2F173A3">
<hideElementsInCurrentOnly>false</hideElementsInCurrentOnly>
<bounds x="910" y="898" width="197" height="105"/>
</OView>
<OView class="oracle.dbtools.crest.swingui.logical.TVEntity" oid="233CB7E5-1E79-B009-8F03-DE2AADE30B16" otype="Entity" vid="793C5E33-6817-8D4D-0A2A-68DAB768216C">
<hideElementsInCurrentOnly>false</hideElementsInCurrentOnly>
<bounds x="1268" y="580" width="209" height="97"/>
</OView>
<OView class="oracle.dbtools.crest.swingui.logical.TVEntity" oid="25DF74F4-B70A-A4D9-8A50-EA64944D8F15" otype="Entity" vid="FC6890A3-7ECD-9027-B13D-00E3FC7F58D9">
<hideElementsInCurrentOnly>false</hideElementsInCurrentOnly>
<bounds x="979" y="68" width="223" height="83"/>
</OView>
<OView class="oracle.dbtools.crest.swingui.logical.TVEntity" oid="262A1336-F541-D361-4E0B-0F59A0DB554D" otype="Entity" vid="F06FF248-6589-681D-1E62-EE9E5BDB3454">
<hideElementsInCurrentOnly>false</hideElementsInCurrentOnly>
<bounds x="408" y="1072" width="211" height="114"/>
</OView>
<OView class="oracle.dbtools.crest.swingui.logical.TVEntity" oid="37D7A59D-69C9-D44C-3E09-CA707EBA74A8" otype="Entity" vid="6278D045-1798-93EC-9A18-D2636D524DC7">
<hideElementsInCurrentOnly>false</hideElementsInCurrentOnly>
<bounds x="1552" y="66" width="170" height="75"/>
</OView>
<OView class="oracle.dbtools.crest.swingui.logical.TVEntity" oid="48232B24-4968-B3DA-11E2-BCA324F27ABC" otype="Entity" vid="76F62DF3-3B2A-4E15-77F6-5DB8F88AAFA5">
<hideElementsInCurrentOnly>false</hideElementsInCurrentOnly>
<bounds x="75" y="413" width="216" height="163"/>
</OView>
<OView class="oracle.dbtools.crest.swingui.logical.TVEntity" oid="5167D896-99C1-C4FC-D33C-181044695431" otype="Entity" vid="020BA08B-ACEA-7DBF-E25B-6C083D614A3B">
<hideElementsInCurrentOnly>false</hideElementsInCurrentOnly>
<bounds x="921" y="1191" width="222" height="93"/>
</OView>
<OView class="oracle.dbtools.crest.swingui.logical.TVEntity" oid="521DC5E9-48BA-4A99-1BAB-5D0E23776D8A" otype="Entity" vid="7B3BCF13-C2C0-6C0B-9065-CEDDC903D58F">
<hideElementsInCurrentOnly>false</hideElementsInCurrentOnly>
<bounds x="367" y="1345" width="230" height="185"/>
</OView>
<OView class="oracle.dbtools.crest.swingui.logical.TVEntity" oid="582572BC-2D55-EA44-967C-C3BFBCC75E29" otype="Entity" vid="8AEF408E-3626-471B-063F-8458C77012CF">
<hideElementsInCurrentOnly>false</hideElementsInCurrentOnly>
<bounds x="846" y="339" width="176" height="75"/>
</OView>
<OView class="oracle.dbtools.crest.swingui.logical.TVEntity" oid="79142E18-30BF-C472-EFDF-ED56B672AC33" otype="Entity" vid="26489BCD-CD3C-B2B3-6958-A1B020A98AA5">
<hideElementsInCurrentOnly>false</hideElementsInCurrentOnly>
<bounds x="91" y="627" width="184" height="79"/>
</OView>
<OView class="oracle.dbtools.crest.swingui.logical.TVEntity" oid="7E099ABE-D7BA-E173-541A-402A8A6E4AF3" otype="Entity" vid="3018CA9C-79DA-9F26-ED9A-9C2EEF35955D">
<hideElementsInCurrentOnly>false</hideElementsInCurrentOnly>
<bounds x="495" y="609" width="181" height="94"/>
</OView>
<OView class="oracle.dbtools.crest.swingui.logical.TVEntity" oid="7E4718AE-C9E8-5005-D97D-D660BB0252EE" otype="Entity" vid="39226B34-0442-B48F-3FA6-7F479A83146D">
<hideElementsInCurrentOnly>false</hideElementsInCurrentOnly>
<bounds x="1284" y="63" width="170" height="83"/>
</OView>
<OView class="oracle.dbtools.crest.swingui.logical.TVEntity" oid="A4B6A9EE-11D3-FE9F-505F-330A936B5B76" otype="Entity" vid="06592886-C424-30CC-B0B9-123BFFBA0147">
<hideElementsInCurrentOnly>false</hideElementsInCurrentOnly>
<bounds x="1624" y="298" width="181" height="85"/>
</OView>
<OView class="oracle.dbtools.crest.swingui.logical.TVEntity" oid="AA804D39-F466-C661-4AE9-00028FF76359" otype="Entity" vid="CE2C9B3A-A897-E41C-9B27-7A697DDC538B">
<hideElementsInCurrentOnly>false</hideElementsInCurrentOnly>
<bounds x="1155" y="926" width="198" height="79"/>
</OView>
<OView class="oracle.dbtools.crest.swingui.logical.TVEntity" oid="AC12038C-ED2C-E0FE-43C1-7C307FC9C540" otype="Entity" vid="CDFDACDD-58AC-5EB8-B656-B728186F2A9C">
<hideElementsInCurrentOnly>false</hideElementsInCurrentOnly>
<bounds x="1629" y="598" width="170" height="48"/>
</OView>
<OView class="oracle.dbtools.crest.swingui.logical.TVEntity" oid="B973B636-91ED-B373-1BD5-9411CC48818D" otype="Entity" vid="C83CB3B0-E851-9B67-0334-445F73046765">
<hideElementsInCurrentOnly>false</hideElementsInCurrentOnly>
<bounds x="762" y="1780" width="200" height="82"/>
</OView>
<OView class="oracle.dbtools.crest.swingui.logical.TVEntity" oid="BBCF99E2-BAB2-1963-6AFB-F8A792D5B6ED" otype="Entity" vid="F0F77E2A-59F5-7025-CBC2-433055DC88F9">
<hideElementsInCurrentOnly>false</hideElementsInCurrentOnly>
<bounds x="752" y="1584" width="218" height="113"/>
</OView>
<OView class="oracle.dbtools.crest.swingui.logical.TVEntity" oid="C0886B74-71A6-E277-F0FD-4DAD269A15F2" otype="Entity" vid="9E45D13E-D3D2-58D8-C43C-4F304C747B70">
<hideElementsInCurrentOnly>false</hideElementsInCurrentOnly>
<bounds x="400" y="344" width="204" height="76"/>
</OView>
<OView class="oracle.dbtools.crest.swingui.logical.TVEntity" oid="C77B754C-AADB-8C6E-DD21-4BC4157FDF1D" otype="Entity" vid="F4727432-4B95-9227-9906-78DCE4D3B593">
<hideElementsInCurrentOnly>false</hideElementsInCurrentOnly>
<bounds x="404" y="135" width="221" height="88"/>
</OView>
<OView class="oracle.dbtools.crest.swingui.TVNote" oid="C7D1BFF4-FB2C-B89D-6A2F-93EAACCCED6E" otype="Note" vid="1EA3580D-A9F5-1C87-5375-34F08D042255">
<hideElementsInCurrentOnly>false</hideElementsInCurrentOnly>
<bounds x="446" y="1190" width="78" height="26"/>
<comment>Coordenado</comment>
</OView>
<OView class="oracle.dbtools.crest.swingui.logical.TVEntity" oid="C932F201-AC6C-E78F-52BC-FCFF529A445D" otype="Entity" vid="1EF81677-9FFB-2E4F-5426-50FF8D6049E0">
<hideElementsInCurrentOnly>false</hideElementsInCurrentOnly>
<bounds x="1263" y="280" width="207" height="149"/>
</OView>
<OView class="oracle.dbtools.crest.swingui.logical.TVEntity" oid="CF4E7C18-984D-B192-8FA7-9D09A46E1485" otype="Entity" vid="8465E009-D98E-880F-BACA-EB2C4FFA782E">
<hideElementsInCurrentOnly>false</hideElementsInCurrentOnly>
<bounds x="1185" y="1402" width="181" height="91"/>
</OView>
<OView class="oracle.dbtools.crest.swingui.logical.TVEntity" oid="D9341DA6-BDDC-A676-41EA-21227139D82F" otype="Entity" vid="AFC13D6F-18C8-C007-A2B2-A28A57B85554">
<hideElementsInCurrentOnly>false</hideElementsInCurrentOnly>
<bounds x="1351" y="1063" width="205" height="73"/>
</OView>
<OView class="oracle.dbtools.crest.swingui.logical.TVEntity" oid="E0EFEAE9-1830-8DB1-AA8F-0A33572DB947" otype="Entity" vid="7D8726D8-4574-C898-F5CB-FAE750D15847">
<hideElementsInCurrentOnly>false</hideElementsInCurrentOnly>
<bounds x="55" y="1099" width="199" height="72"/>
</OView>
<OView class="oracle.dbtools.crest.swingui.logical.TVEntity" oid="E51782C8-60B6-D237-7998-C49783E927EB" otype="Entity" vid="2870EF71-925B-A266-A1BC-97DAFFEDFB73">
<hideElementsInCurrentOnly>false</hideElementsInCurrentOnly>
<bounds x="1624" y="393" width="181" height="78"/>
</OView>
<OView class="oracle.dbtools.crest.swingui.logical.TVEntity" oid="E91B25E4-A860-2917-DE8A-6F23BA199C98" otype="Entity" vid="A2D31892-43C4-96F7-CBFC-A6C4577A3DE2">
<hideElementsInCurrentOnly>false</hideElementsInCurrentOnly>
<bounds x="751" y="1393" width="189" height="80"/>
</OView>
</objectViews>
<connectors>
<Connector class="oracle.dbtools.crest.swingui.logical.TVRelation" oid="0063D515-0944-97F5-71FA-5C105495C858" otype="Relation" vid_source="6278D045-1798-93EC-9A18-D2636D524DC7" vid_target="1EF81677-9FFB-2E4F-5426-50FF8D6049E0">
<hideElementsInCurrentOnly>false</hideElementsInCurrentOnly>
<backgroundColor>-16777216</backgroundColor>
<lineWidth>1</lineWidth>
<points>
<point x="1554" y="141"/>
<point x="1554" y="306"/>
<point x="1470" y="306"/>
</points>
</Connector>
<Connector class="oracle.dbtools.crest.swingui.logical.TVRelation" oid="037CE458-1485-EC83-2261-B7C6A70A7184" otype="Relation" vid_source="2870EF71-925B-A266-A1BC-97DAFFEDFB73" vid_target="1EF81677-9FFB-2E4F-5426-50FF8D6049E0">
<hideElementsInCurrentOnly>false</hideElementsInCurrentOnly>
<backgroundColor>-16777216</backgroundColor>
<lineWidth>1</lineWidth>
<points>
<point x="1624" y="411"/>
<point x="1470" y="411"/>
</points>
</Connector>
<Connector class="oracle.dbtools.crest.swingui.logical.TVRelation" oid="05B8D245-8A90-DF2C-0A37-DE042FB4C143" otype="Relation" vid_source="A2D31892-43C4-96F7-CBFC-A6C4577A3DE2" vid_target="7B3BCF13-C2C0-6C0B-9065-CEDDC903D58F">
<hideElementsInCurrentOnly>false</hideElementsInCurrentOnly>
<backgroundColor>-16777216</backgroundColor>
<lineWidth>1</lineWidth>
<points>
<point x="751" y="1433"/>
<point x="597" y="1433"/>
</points>
</Connector>
<Connector class="oracle.dbtools.crest.swingui.logical.TVRelation" oid="090E1842-5AD0-81CF-432D-5C9882AF6FE4" otype="Relation" vid_source="3018CA9C-79DA-9F26-ED9A-9C2EEF35955D" vid_target="9E45D13E-D3D2-58D8-C43C-4F304C747B70">
<hideElementsInCurrentOnly>false</hideElementsInCurrentOnly>
<backgroundColor>-16777216</backgroundColor>
<lineWidth>1</lineWidth>
<points>
<point x="549" y="609"/>
<point x="549" y="420"/>
</points>
</Connector>
<Connector class="oracle.dbtools.crest.swingui.logical.TVRelation" oid="09E4A284-DEC6-D1E3-A985-02865EAA7496" otype="Relation" vid_source="A2D31892-43C4-96F7-CBFC-A6C4577A3DE2" vid_target="8465E009-D98E-880F-BACA-EB2C4FFA782E">
<hideElementsInCurrentOnly>false</hideElementsInCurrentOnly>
<backgroundColor>-16777216</backgroundColor>
<lineWidth>1</lineWidth>
<points>
<point x="940" y="1437"/>
<point x="1185" y="1437"/>
</points>
</Connector>
<Connector class="oracle.dbtools.crest.swingui.logical.TVRelation" oid="15134C1F-2D99-0F80-5054-469829B0D729" otype="Relation" vid_source="793C5E33-6817-8D4D-0A2A-68DAB768216C" vid_target="CDFDACDD-58AC-5EB8-B656-B728186F2A9C">
<hideElementsInCurrentOnly>false</hideElementsInCurrentOnly>
<backgroundColor>-16777216</backgroundColor>
<lineWidth>1</lineWidth>
<points>
<point x="1477" y="622"/>
<point x="1629" y="622"/>
</points>
</Connector>
<Connector class="oracle.dbtools.crest.swingui.logical.TVRelation" oid="1A82062E-1E83-6586-5B29-6729A55CB79F" otype="Relation" vid_source="793C5E33-6817-8D4D-0A2A-68DAB768216C" vid_target="AFC13D6F-18C8-C007-A2B2-A28A57B85554">
<hideElementsInCurrentOnly>false</hideElementsInCurrentOnly>
<backgroundColor>-16777216</backgroundColor>
<lineWidth>1</lineWidth>
<points>
<point x="1414" y="677"/>
<point x="1414" y="1063"/>
</points>
</Connector>
<Connector class="oracle.dbtools.crest.swingui.logical.TVRelation" oid="1D90C2C8-CE16-B019-0E32-16A8F95F7E69" otype="Relation" vid_source="1EF81677-9FFB-2E4F-5426-50FF8D6049E0" vid_target="8AEF408E-3626-471B-063F-8458C77012CF">
<hideElementsInCurrentOnly>false</hideElementsInCurrentOnly>
<backgroundColor>-16777216</backgroundColor>
<lineWidth>1</lineWidth>
<points>
<point x="1263" y="376"/>
<point x="1022" y="376"/>
</points>
</Connector>
<Connector class="oracle.dbtools.crest.swingui.logical.TVRelation" oid="28F780F9-95CB-015A-6E1C-E72424802711" otype="Relation" vid_source="3018CA9C-79DA-9F26-ED9A-9C2EEF35955D" vid_target="F06FF248-6589-681D-1E62-EE9E5BDB3454">
<hideElementsInCurrentOnly>false</hideElementsInCurrentOnly>
<backgroundColor>-16777216</backgroundColor>
<lineWidth>1</lineWidth>
<points>
<point x="557" y="703"/>
<point x="557" y="1072"/>
</points>
</Connector>
<Connector class="oracle.dbtools.crest.swingui.logical.TVRelation" oid="33E18370-F89B-72E8-EFC5-42DFC18C17D3" otype="Relation" vid_source="8465E009-D98E-880F-BACA-EB2C4FFA782E" vid_target="CE2C9B3A-A897-E41C-9B27-7A697DDC538B">
<hideElementsInCurrentOnly>false</hideElementsInCurrentOnly>
<backgroundColor>-16777216</backgroundColor>
<lineWidth>1</lineWidth>
<points>
<point x="1269" y="1402"/>
<point x="1269" y="1005"/>
</points>
</Connector>
<Connector class="oracle.dbtools.crest.swingui.logical.TVRelation" oid="46D00EC4-0A2D-FB57-8C76-F5F689BE6E10" otype="Relation" vid_source="3018CA9C-79DA-9F26-ED9A-9C2EEF35955D" vid_target="76F62DF3-3B2A-4E15-77F6-5DB8F88AAFA5">
<hideElementsInCurrentOnly>false</hideElementsInCurrentOnly>
<backgroundColor>-16777216</backgroundColor>
<lineWidth>1</lineWidth>
<points>
<point x="516" y="609"/>
<point x="516" y="536"/>
<point x="291" y="536"/>
</points>
</Connector>
<Connector class="oracle.dbtools.crest.swingui.logical.TVRelation" oid="5968DE5F-B64C-0753-15F5-33B3571DF947" otype="Relation" vid_source="7D8726D8-4574-C898-F5CB-FAE750D15847" vid_target="F06FF248-6589-681D-1E62-EE9E5BDB3454">
<hideElementsInCurrentOnly>false</hideElementsInCurrentOnly>
<backgroundColor>-16777216</backgroundColor>
<lineWidth>1</lineWidth>
<points>
<point x="254" y="1135"/>
<point x="408" y="1135"/>
</points>
</Connector>
<Connector class="oracle.dbtools.crest.swingui.logical.TVRelation" oid="63337363-85FE-005A-DB7B-A3FE614AE20F" otype="Relation" vid_source="3018CA9C-79DA-9F26-ED9A-9C2EEF35955D" vid_target="8AEF408E-3626-471B-063F-8458C77012CF">
<hideElementsInCurrentOnly>false</hideElementsInCurrentOnly>
<backgroundColor>-16777216</backgroundColor>
<lineWidth>1</lineWidth>
<points>
<point x="645" y="609"/>
<point x="645" y="385"/>
<point x="846" y="385"/>
</points>
</Connector>
<Connector class="oracle.dbtools.crest.swingui.logical.TVRelation" oid="6B0D8B1F-21F1-92B1-2729-17E018DD8D3F" otype="Relation" vid_source="A2D31892-43C4-96F7-CBFC-A6C4577A3DE2" vid_target="F0F77E2A-59F5-7025-CBC2-433055DC88F9">
<hideElementsInCurrentOnly>false</hideElementsInCurrentOnly>
<backgroundColor>-16777216</backgroundColor>
<lineWidth>1</lineWidth>
<points>
<point x="846" y="1473"/>
<point x="846" y="1584"/>
</points>
</Connector>
<Connector class="oracle.dbtools.crest.swingui.logical.TVRelation" oid="7023832C-2093-622B-58FA-4F9253AD73BB" otype="Relation" vid_source="F06FF248-6589-681D-1E62-EE9E5BDB3454" vid_target="01DD17EA-8EFD-69B8-F9D8-9BA66FCD3A9C">
<hideElementsInCurrentOnly>false</hideElementsInCurrentOnly>
<backgroundColor>-16777216</backgroundColor>
<lineWidth>1</lineWidth>
<points>
<point x="619" y="1099"/>
<point x="833" y="1099"/>
<point x="833" y="733"/>
</points>
</Connector>
<Connector class="oracle.dbtools.crest.swingui.logical.TVRelation" oid="754ECADB-407B-22CA-0327-FCD02174D27A" otype="Relation" vid_source="020BA08B-ACEA-7DBF-E25B-6C083D614A3B" vid_target="2C583095-9A17-E2A3-10B9-F17AE2F173A3">
<hideElementsInCurrentOnly>false</hideElementsInCurrentOnly>
<backgroundColor>-16777216</backgroundColor>
<lineWidth>1</lineWidth>
<points>
<point x="1014" y="1191"/>
<point x="1014" y="1003"/>
</points>
</Connector>
<Connector class="oracle.dbtools.crest.swingui.logical.TVRelation" oid="7EE2E96B-5F3F-D85F-CFE8-89BE2317073C" otype="Relation" vid_source="01DD17EA-8EFD-69B8-F9D8-9BA66FCD3A9C" vid_target="CE2C9B3A-A897-E41C-9B27-7A697DDC538B">
<hideElementsInCurrentOnly>false</hideElementsInCurrentOnly>
<backgroundColor>-16777216</backgroundColor>
<lineWidth>1</lineWidth>
<points>
<point x="1075" y="706"/>
<point x="1232" y="706"/>
<point x="1232" y="926"/>
</points>
</Connector>
<Connector class="oracle.dbtools.crest.swingui.logical.TVRelation" oid="83969015-810B-C932-5840-E20C91268797" otype="Relation" vid_source="C83CB3B0-E851-9B67-0334-445F73046765" vid_target="F0F77E2A-59F5-7025-CBC2-433055DC88F9">
<hideElementsInCurrentOnly>false</hideElementsInCurrentOnly>
<backgroundColor>-16777216</backgroundColor>
<lineWidth>1</lineWidth>
<points>
<point x="862" y="1780"/>
<point x="862" y="1697"/>
</points>
</Connector>
<Connector class="oracle.dbtools.crest.swingui.logical.TVRelation" oid="916D05C4-C4E9-C14F-908B-0181460866F1" otype="Relation" vid_source="9E45D13E-D3D2-58D8-C43C-4F304C747B70" vid_target="F4727432-4B95-9227-9906-78DCE4D3B593">
<hideElementsInCurrentOnly>false</hideElementsInCurrentOnly>
<backgroundColor>-16777216</backgroundColor>
<lineWidth>1</lineWidth>
<points>
<point x="504" y="344"/>
<point x="504" y="223"/>
</points>
</Connector>
<Connector class="oracle.dbtools.crest.swingui.logical.TVRelation" oid="9E48675A-3133-2B65-2443-D2568FCE5086" otype="Relation" vid_source="01DD17EA-8EFD-69B8-F9D8-9BA66FCD3A9C" vid_target="793C5E33-6817-8D4D-0A2A-68DAB768216C">
<hideElementsInCurrentOnly>false</hideElementsInCurrentOnly>
<backgroundColor>-16777216</backgroundColor>
<lineWidth>1</lineWidth>
<points>
<point x="1075" y="633"/>
<point x="1268" y="633"/>
</points>
</Connector>
<Connector class="oracle.dbtools.crest.swingui.logical.TVRelation" oid="A0ECA8AB-F787-A2D2-F672-F4C75AB744A3" otype="Relation" vid_source="F06FF248-6589-681D-1E62-EE9E5BDB3454" vid_target="F06FF248-6589-681D-1E62-EE9E5BDB3454">
<hideElementsInCurrentOnly>false</hideElementsInCurrentOnly>
<backgroundColor>-16777216</backgroundColor>
<lineWidth>1</lineWidth>
<points>
<point x="619" y="1139"/>
<point x="644" y="1139"/>
<point x="644" y="1211"/>
<point x="532" y="1211"/>
<point x="532" y="1186"/>
</points>
</Connector>
<Connector class="oracle.dbtools.crest.swingui.logical.TVRelation" oid="A717AA8B-3459-C9A8-C6DC-E1562A3F04E9" otype="Relation" vid_source="39226B34-0442-B48F-3FA6-7F479A83146D" vid_target="1EF81677-9FFB-2E4F-5426-50FF8D6049E0">
<hideElementsInCurrentOnly>false</hideElementsInCurrentOnly>
<backgroundColor>-16777216</backgroundColor>
<lineWidth>1</lineWidth>
<points>
<point x="1369" y="146"/>
<point x="1369" y="280"/>
</points>
</Connector>
<Connector class="oracle.dbtools.crest.swingui.logical.TVRelation" oid="C6E11CF2-3675-DC59-E6ED-183DE9BC9A71" otype="Relation" vid_source="1EF81677-9FFB-2E4F-5426-50FF8D6049E0" vid_target="793C5E33-6817-8D4D-0A2A-68DAB768216C">
<hideElementsInCurrentOnly>false</hideElementsInCurrentOnly>
<backgroundColor>-16777216</backgroundColor>
<lineWidth>1</lineWidth>
<points>
<point x="1369" y="429"/>
<point x="1369" y="580"/>
</points>
</Connector>
<Connector class="oracle.dbtools.crest.swingui.logical.TVRelation" oid="CB081794-8F55-7E07-1522-1379AA42909D" otype="Relation" vid_source="A2D31892-43C4-96F7-CBFC-A6C4577A3DE2" vid_target="01DD17EA-8EFD-69B8-F9D8-9BA66FCD3A9C">
<hideElementsInCurrentOnly>false</hideElementsInCurrentOnly>
<backgroundColor>-16777216</backgroundColor>
<lineWidth>1</lineWidth>
<points>
<point x="873" y="1393"/>
<point x="873" y="733"/>
</points>
</Connector>
<Connector class="oracle.dbtools.crest.swingui.logical.TVRelation" oid="CE27A24D-57B0-B69D-AB87-B7E7A1DDBAA7" otype="Relation" vid_source="3018CA9C-79DA-9F26-ED9A-9C2EEF35955D" vid_target="01DD17EA-8EFD-69B8-F9D8-9BA66FCD3A9C">
<hideElementsInCurrentOnly>false</hideElementsInCurrentOnly>
<backgroundColor>-16777216</backgroundColor>
<lineWidth>1</lineWidth>
<points>
<point x="676" y="656"/>
<point x="806" y="656"/>
</points>
</Connector>
<Connector class="oracle.dbtools.crest.swingui.logical.TVRelation" oid="CFFEFD68-7A26-D203-A565-5420FF1385D7" otype="Relation" vid_source="26489BCD-CD3C-B2B3-6958-A1B020A98AA5" vid_target="3018CA9C-79DA-9F26-ED9A-9C2EEF35955D">
<hideElementsInCurrentOnly>false</hideElementsInCurrentOnly>
<backgroundColor>-16777216</backgroundColor>
<lineWidth>1</lineWidth>
<points>
<point x="275" y="665"/>
<point x="495" y="665"/>
</points>
</Connector>
<Connector class="oracle.dbtools.crest.swingui.logical.TVRelation" oid="D0E5C2F4-3F69-C680-8A33-5EC8A784DC44" otype="Relation" vid_source="06592886-C424-30CC-B0B9-123BFFBA0147" vid_target="1EF81677-9FFB-2E4F-5426-50FF8D6049E0">
<hideElementsInCurrentOnly>false</hideElementsInCurrentOnly>
<backgroundColor>-16777216</backgroundColor>
<lineWidth>1</lineWidth>
<points>
<point x="1624" y="340"/>
<point x="1470" y="340"/>
</points>
</Connector>
<Connector class="oracle.dbtools.crest.swingui.logical.TVRelation" oid="D0FB043F-BC0F-1FC6-54E6-565BC6C6EDA6" otype="Relation" vid_source="A2D31892-43C4-96F7-CBFC-A6C4577A3DE2" vid_target="020BA08B-ACEA-7DBF-E25B-6C083D614A3B">
<hideElementsInCurrentOnly>false</hideElementsInCurrentOnly>
<backgroundColor>-16777216</backgroundColor>
<lineWidth>1</lineWidth>
<points>
<point x="940" y="1409"/>
<point x="1014" y="1409"/>
<point x="1014" y="1284"/>
</points>
</Connector>
<Connector class="oracle.dbtools.crest.swingui.logical.TVRelation" oid="E88966F2-256D-B26D-BD39-C89FF45062DC" otype="Relation" vid_source="FC6890A3-7ECD-9027-B13D-00E3FC7F58D9" vid_target="1EF81677-9FFB-2E4F-5426-50FF8D6049E0">
<hideElementsInCurrentOnly>false</hideElementsInCurrentOnly>
<backgroundColor>-16777216</backgroundColor>
<lineWidth>1</lineWidth>
<points>
<point x="1192" y="151"/>
<point x="1192" y="306"/>
<point x="1263" y="306"/>
</points>
</Connector>
<Connector class="oracle.dbtools.crest.swingui.logical.TVRelation" oid="F1DBD03F-C346-9993-CC08-1B18B5EC22BE" otype="Relation" vid_source="2C583095-9A17-E2A3-10B9-F17AE2F173A3" vid_target="01DD17EA-8EFD-69B8-F9D8-9BA66FCD3A9C">
<hideElementsInCurrentOnly>false</hideElementsInCurrentOnly>
<backgroundColor>-16777216</backgroundColor>
<lineWidth>1</lineWidth>
<points>
<point x="992" y="898"/>
<point x="992" y="733"/>
</points>
</Connector>
<Connector class="oracle.dbtools.crest.swingui.logical.TVRelation" oid="F5CE50BA-25C1-2804-A8D1-725BC5C276D1" otype="Relation" vid_source="F06FF248-6589-681D-1E62-EE9E5BDB3454" vid_target="AFC13D6F-18C8-C007-A2B2-A28A57B85554">
<hideElementsInCurrentOnly>false</hideElementsInCurrentOnly>
<backgroundColor>-16777216</backgroundColor>
<lineWidth>1</lineWidth>
<points>
<point x="619" y="1119"/>
<point x="1351" y="1119"/>
</points>
</Connector>
</connectors>
<arcs>
<Arc class="oracle.dbtools.crest.swingui.logical.TVArc" oid="67EE79C9-BFAD-BB49-05A4-072581F319A1" otype="Arc" vid="9C513DDD-7D72-34B3-081A-2190584E4191">
<hideElementsInCurrentOnly>false</hideElementsInCurrentOnly>
<bounds x="1248" y="560" width="249" height="137"/>
</Arc>
<Arc class="oracle.dbtools.crest.swingui.logical.TVArc" oid="F356B9C6-8DAC-F6A2-9792-3942395A78B1" otype="Arc" vid="3EDF07F3-36E2-DC94-9F78-B469ADCFF68B">
<hideElementsInCurrentOnly>false</hideElementsInCurrentOnly>
<bounds x="731" y="1373" width="229" height="120"/>
</Arc>
</arcs>
</Diagram>