<?xml version = '1.0' encoding = 'UTF-8'?>
<FKIndexAssociation class="oracle.dbtools.crest.model.design.relational.FKIndexAssociation" directorySegmentName="seg_0" id="056D6AC7-72B4-DA3A-B1E9-D5FD8486087C" containerWithKeyObject="0364607E-8858-5A5D-18F8-650A4C6D2C6F" localFKIndex="AD926510-36FD-4F34-8268-2E1F0AE7F07F" name="DEVOLUCAO_PEDIDO_PEDIDO_FK">
<createdBy>dlicinio</createdBy>
<createdTime>2021-05-30 23:41:34 UTC</createdTime>
<generatorID>7EE2E96B-5F3F-D85F-CFE8-89BE2317073C</generatorID>
<ownerDesignName>Magazine</ownerDesignName>
<referredTableLongName>PEDIDO</referredTableLongName>
<deleteRule>NO ACTION</deleteRule>
<referredTableID>63005D41-1EA8-51A6-B93F-CE7B54CA127C</referredTableID>
<keyObject>2DBFECB3-D55B-94E9-D841-D4D8A8443A51</keyObject>
<referredKeyID>2DBFECB3-D55B-94E9-D841-D4D8A8443A51</referredKeyID>
<mandatory>true</mandatory>
<refColNames>id_pedido</refColNames>
<transferable>true</transferable>
<rely>false</rely>
<columnDependencyConstraintGenerateInDDL>true</columnDependencyConstraintGenerateInDDL>
</FKIndexAssociation>