<?xml version = '1.0' encoding = 'UTF-8'?>
<FKIndexAssociation class="oracle.dbtools.crest.model.design.relational.FKIndexAssociation" directorySegmentName="seg_0" id="0767D584-244D-B0BE-5F3E-20E036CB9EBC" containerWithKeyObject="1A0E6B03-0F01-4FC7-A8B0-0BFB7FF16689" localFKIndex="912B810A-068C-D3B4-1F2A-38C23B56A90D" name="PESSOA_JURIDICA_CLIENTE_FK">
<createdBy>dlicinio</createdBy>
<createdTime>2021-05-30 23:41:34 UTC</createdTime>
<generatorID>D0FB043F-BC0F-1FC6-54E6-565BC6C6EDA6</generatorID>
<ownerDesignName>Magazine</ownerDesignName>
<referredTableLongName>CLIENTE</referredTableLongName>
<arc>B435141D-09EC-228B-7D78-10AA35FB9B74</arc>
<deleteRule>NO ACTION</deleteRule>
<referredTableID>D08B3C3F-4AFD-D71B-6A0E-58066826F5CC</referredTableID>
<keyObject>A7A398E0-C3DD-A0B7-C0A0-917B070C1C96</keyObject>
<referredKeyID>A7A398E0-C3DD-A0B7-C0A0-917B070C1C96</referredKeyID>
<mandatory>true</mandatory>
<refColNames>id_cliente</refColNames>
<transferable>true</transferable>
<rely>false</rely>
<columnDependencyConstraintGenerateInDDL>true</columnDependencyConstraintGenerateInDDL>
</FKIndexAssociation>