<?xml version = '1.0' encoding = 'UTF-8'?>
<FKIndexAssociation class="oracle.dbtools.crest.model.design.relational.FKIndexAssociation" directorySegmentName="seg_0" id="10278230-EA8D-2C23-28D2-FBDBB54C0526" containerWithKeyObject="499B036F-EC75-19E4-24AB-037031D90B02" localFKIndex="D5B0063C-C8BB-D72E-B7B3-159FF1E8E2BC" name="TIPO_TELEFONE_CLIENTE_CLIENTE_FK">
<createdBy>dlicinio</createdBy>
<createdTime>2021-05-30 23:41:34 UTC</createdTime>
<generatorID>6B0D8B1F-21F1-92B1-2729-17E018DD8D3F</generatorID>
<ownerDesignName>Magazine</ownerDesignName>
<referredTableLongName>CLIENTE</referredTableLongName>
<deleteRule>NO ACTION</deleteRule>
<referredTableID>D08B3C3F-4AFD-D71B-6A0E-58066826F5CC</referredTableID>
<keyObject>A7A398E0-C3DD-A0B7-C0A0-917B070C1C96</keyObject>
<referredKeyID>A7A398E0-C3DD-A0B7-C0A0-917B070C1C96</referredKeyID>
<mandatory>true</mandatory>
<refColNames>id_cliente</refColNames>
<transferable>true</transferable>
<rely>false</rely>
<columnDependencyConstraintGenerateInDDL>true</columnDependencyConstraintGenerateInDDL>
</FKIndexAssociation>