<?xml version = '1.0' encoding = 'UTF-8'?>
<FKIndexAssociation class="oracle.dbtools.crest.model.design.relational.FKIndexAssociation" directorySegmentName="seg_0" id="2A88A422-182C-35BE-9A24-D7ED37CED456" containerWithKeyObject="20D1CA3E-AF5D-81EF-9589-F6E7C7082BC9" localFKIndex="4C67F52B-423B-07A7-A5A8-A680835D52F3" name="ITENS_PEDIDO_PEDIDO_FK">
<createdBy>dlicinio</createdBy>
<createdTime>2021-05-30 23:41:34 UTC</createdTime>
<generatorID>9E48675A-3133-2B65-2443-D2568FCE5086</generatorID>
<ownerDesignName>Magazine</ownerDesignName>
<referredTableLongName>PEDIDO</referredTableLongName>
<deleteRule>NO ACTION</deleteRule>
<referredTableID>63005D41-1EA8-51A6-B93F-CE7B54CA127C</referredTableID>
<keyObject>2DBFECB3-D55B-94E9-D841-D4D8A8443A51</keyObject>
<referredKeyID>2DBFECB3-D55B-94E9-D841-D4D8A8443A51</referredKeyID>
<mandatory>true</mandatory>
<refColNames>id_pedido</refColNames>
<transferable>true</transferable>
<rely>false</rely>
<columnDependencyConstraintGenerateInDDL>true</columnDependencyConstraintGenerateInDDL>
</FKIndexAssociation>