<?xml version = '1.0' encoding = 'UTF-8'?>
<FKIndexAssociation class="oracle.dbtools.crest.model.design.relational.FKIndexAssociation" directorySegmentName="seg_0" id="351B7E3B-193D-0B7E-4FAE-B929F77009CD" containerWithKeyObject="CC33DE44-8368-C1C7-D0A3-F5F180DA6E47" localFKIndex="57FCE76B-4523-1797-6EC0-F9283920C71C" name="PRODUTO_COR_FK">
<createdBy>dlicinio</createdBy>
<createdTime>2021-05-30 23:41:34 UTC</createdTime>
<generatorID>0063D515-0944-97F5-71FA-5C105495C858</generatorID>
<ownerDesignName>Magazine</ownerDesignName>
<referredTableLongName>COR</referredTableLongName>
<deleteRule>NO ACTION</deleteRule>
<referredTableID>D17E32FE-09BE-D23B-BC50-D8810418BB51</referredTableID>
<keyObject>F0AE3BA5-DA2A-EB84-5760-0E3B1F4BB96F</keyObject>
<referredKeyID>F0AE3BA5-DA2A-EB84-5760-0E3B1F4BB96F</referredKeyID>
<mandatory>true</mandatory>
<refColNames>id_cor</refColNames>
<transferable>true</transferable>
<rely>false</rely>
<columnDependencyConstraintGenerateInDDL>true</columnDependencyConstraintGenerateInDDL>
</FKIndexAssociation>