<?xml version = '1.0' encoding = 'UTF-8'?>
<FKIndexAssociation class="oracle.dbtools.crest.model.design.relational.FKIndexAssociation" directorySegmentName="seg_0" id="3BD51148-563F-A704-1694-846B33C536A7" containerWithKeyObject="CC33DE44-8368-C1C7-D0A3-F5F180DA6E47" localFKIndex="E17B23EA-C23A-268F-3F18-46792442928F" name="PRODUTO_GENERO_FK">
<createdBy>dlicinio</createdBy>
<createdTime>2021-05-30 23:41:34 UTC</createdTime>
<generatorID>A717AA8B-3459-C9A8-C6DC-E1562A3F04E9</generatorID>
<ownerDesignName>Magazine</ownerDesignName>
<referredTableLongName>GENERO</referredTableLongName>
<deleteRule>NO ACTION</deleteRule>
<referredTableID>9FA23377-5BE3-BF43-6FEA-A20CBEBA5677</referredTableID>
<keyObject>F19E92C4-82CA-C476-2DFD-F8A2CA042B7A</keyObject>
<referredKeyID>F19E92C4-82CA-C476-2DFD-F8A2CA042B7A</referredKeyID>
<mandatory>true</mandatory>
<refColNames>id_genero</refColNames>
<transferable>true</transferable>
<rely>false</rely>
<columnDependencyConstraintGenerateInDDL>true</columnDependencyConstraintGenerateInDDL>
</FKIndexAssociation>