<?xml version = '1.0' encoding = 'UTF-8'?>
<FKIndexAssociation class="oracle.dbtools.crest.model.design.relational.FKIndexAssociation" directorySegmentName="seg_0" id="44B70005-0E3A-764E-CFA9-E9960956DFF3" containerWithKeyObject="90186802-829D-8778-6BCF-40B20C549C83" localFKIndex="B1C7E669-BB15-6088-361E-ACCDD4BCD01A" name="ITENS_PENDENTES_APROVACAO_ITENS_PEDIDO_FK">
<createdBy>dlicinio</createdBy>
<createdTime>2021-05-30 23:41:34 UTC</createdTime>
<generatorID>1A82062E-1E83-6586-5B29-6729A55CB79F</generatorID>
<ownerDesignName>Magazine</ownerDesignName>
<referredTableLongName>ITENS_PEDIDO</referredTableLongName>
<arc>47DA52F1-E0F8-A4B7-84D8-B5D1FD187932</arc>
<deleteRule>NO ACTION</deleteRule>
<referredTableID>20D1CA3E-AF5D-81EF-9589-F6E7C7082BC9</referredTableID>
<keyObject>03C31025-FDB7-0BC0-7BFF-F7E9DAE16AF1</keyObject>
<referredKeyID>03C31025-FDB7-0BC0-7BFF-F7E9DAE16AF1</referredKeyID>
<mandatory>true</mandatory>
<refColNames>id_produto</refColNames>
<transferable>true</transferable>
<rely>false</rely>
<columnDependencyConstraintGenerateInDDL>true</columnDependencyConstraintGenerateInDDL>
</FKIndexAssociation>