<?xml version = '1.0' encoding = 'UTF-8'?>
<FKIndexAssociation class="oracle.dbtools.crest.model.design.relational.FKIndexAssociation" directorySegmentName="seg_0" id="44D73EBC-CA63-42F8-99F1-E39DE559BA0A" containerWithKeyObject="E12B8AC2-921F-B7A8-527B-C790CA50C8C1" localFKIndex="0633372F-1048-9EDF-5549-0466A45E39E5" name="FUNCIONÁRIOS_CARGO_FK">
<createdBy>dlicinio</createdBy>
<createdTime>2021-05-30 23:41:34 UTC</createdTime>
<generatorID>5968DE5F-B64C-0753-15F5-33B3571DF947</generatorID>
<ownerDesignName>Magazine</ownerDesignName>
<referredTableLongName>CARGO</referredTableLongName>
<deleteRule>NO ACTION</deleteRule>
<referredTableID>2F298CC9-23D8-FA46-EB34-A6E75D755D01</referredTableID>
<keyObject>3BA78734-2405-51B8-F097-4128C87D1F5B</keyObject>
<referredKeyID>3BA78734-2405-51B8-F097-4128C87D1F5B</referredKeyID>
<mandatory>true</mandatory>
<refColNames>id_cargo</refColNames>
<transferable>true</transferable>
<rely>false</rely>
<columnDependencyConstraintGenerateInDDL>true</columnDependencyConstraintGenerateInDDL>
</FKIndexAssociation>