<?xml version = '1.0' encoding = 'UTF-8'?>
<FKIndexAssociation class="oracle.dbtools.crest.model.design.relational.FKIndexAssociation" directorySegmentName="seg_0" id="543D6EC8-288F-F3D6-4131-14B0FA6B34EF" containerWithKeyObject="46DF12CD-573B-5E4D-F7D1-64C55102326E" localFKIndex="F9D1EFB9-73F5-2E09-5352-3CB409C7D9EF" name="RESERVA_PESSOA_JURIDICA_FK">
<createdBy>dlicinio</createdBy>
<createdTime>2021-05-30 23:41:34 UTC</createdTime>
<generatorID>754ECADB-407B-22CA-0327-FCD02174D27A</generatorID>
<ownerDesignName>Magazine</ownerDesignName>
<referredTableLongName>PESSOA_JURIDICA</referredTableLongName>
<deleteRule>NO ACTION</deleteRule>
<referredTableID>1A0E6B03-0F01-4FC7-A8B0-0BFB7FF16689</referredTableID>
<keyObject>20993BAB-AE5C-A1BC-4D15-AA8A41072A22</keyObject>
<referredKeyID>20993BAB-AE5C-A1BC-4D15-AA8A41072A22</referredKeyID>
<mandatory>true</mandatory>
<refColNames>cnpj</refColNames>
<transferable>true</transferable>
<rely>false</rely>
<columnDependencyConstraintGenerateInDDL>true</columnDependencyConstraintGenerateInDDL>
</FKIndexAssociation>