<?xml version = '1.0' encoding = 'UTF-8'?>
<FKIndexAssociation class="oracle.dbtools.crest.model.design.relational.FKIndexAssociation" directorySegmentName="seg_0" id="73B94FD2-EE9B-8688-4E37-4F4782A1C23B" containerWithKeyObject="0364607E-8858-5A5D-18F8-650A4C6D2C6F" localFKIndex="BF99EE66-2DBD-52DA-8797-B57F478ABC2E" name="DEVOLUCAO_PEDIDO_PESSOA_FISICA_FK">
<createdBy>dlicinio</createdBy>
<createdTime>2021-05-30 23:41:34 UTC</createdTime>
<generatorID>33E18370-F89B-72E8-EFC5-42DFC18C17D3</generatorID>
<ownerDesignName>Magazine</ownerDesignName>
<referredTableLongName>PESSOA_FISICA</referredTableLongName>
<deleteRule>NO ACTION</deleteRule>
<referredTableID>19624677-24B9-1817-30FD-66F7763EE98D</referredTableID>
<keyObject>D484BD42-38F9-CE5B-4FCE-EFFCE6AC1534</keyObject>
<referredKeyID>D484BD42-38F9-CE5B-4FCE-EFFCE6AC1534</referredKeyID>
<mandatory>true</mandatory>
<refColNames>cpf</refColNames>
<transferable>true</transferable>
<rely>false</rely>
<columnDependencyConstraintGenerateInDDL>true</columnDependencyConstraintGenerateInDDL>
</FKIndexAssociation>