<?xml version = '1.0' encoding = 'UTF-8'?>
<FKIndexAssociation class="oracle.dbtools.crest.model.design.relational.FKIndexAssociation" directorySegmentName="seg_0" id="74424215-AAB9-D4FE-EBC6-89A0307FED69" containerWithKeyObject="CC33DE44-8368-C1C7-D0A3-F5F180DA6E47" localFKIndex="9995AF1D-B3A2-D0EA-ECDF-35ABA333EEAD" name="PRODUTO_TAMANHO_FK">
<createdBy>dlicinio</createdBy>
<createdTime>2021-05-30 23:41:34 UTC</createdTime>
<generatorID>D0E5C2F4-3F69-C680-8A33-5EC8A784DC44</generatorID>
<ownerDesignName>Magazine</ownerDesignName>
<referredTableLongName>TAMANHO</referredTableLongName>
<deleteRule>NO ACTION</deleteRule>
<referredTableID>3CD285F5-B661-44B4-FB2A-02BB47B296CD</referredTableID>
<keyObject>7DD5D21F-5CB2-213F-8BC2-647F700E638D</keyObject>
<referredKeyID>7DD5D21F-5CB2-213F-8BC2-647F700E638D</referredKeyID>
<mandatory>true</mandatory>
<refColNames>id_tamanho</refColNames>
<transferable>true</transferable>
<rely>false</rely>
<columnDependencyConstraintGenerateInDDL>true</columnDependencyConstraintGenerateInDDL>
</FKIndexAssociation>