<?xml version = '1.0' encoding = 'UTF-8'?>
<FKIndexAssociation class="oracle.dbtools.crest.model.design.relational.FKIndexAssociation" directorySegmentName="seg_0" id="79861870-BF3F-DD4E-50CB-2069B1EFF446" containerWithKeyObject="90186802-829D-8778-6BCF-40B20C549C83" localFKIndex="6DD475D6-A2C9-9F42-FDB0-BA00527B9E75" name="ITENS_PENDENTES_APROVACAO_FUNCIONÁRIOS_FK">
<createdBy>dlicinio</createdBy>
<createdTime>2021-05-30 23:41:34 UTC</createdTime>
<generatorID>F5CE50BA-25C1-2804-A8D1-725BC5C276D1</generatorID>
<ownerDesignName>Magazine</ownerDesignName>
<referredTableLongName>FUNCIONARIOS</referredTableLongName>
<deleteRule>NO ACTION</deleteRule>
<referredTableID>E12B8AC2-921F-B7A8-527B-C790CA50C8C1</referredTableID>
<keyObject>67C7BA55-C88E-664E-759F-381A41B1FD00</keyObject>
<referredKeyID>67C7BA55-C88E-664E-759F-381A41B1FD00</referredKeyID>
<mandatory>true</mandatory>
<refColNames>id_funcionario</refColNames>
<transferable>true</transferable>
<rely>false</rely>
<columnDependencyConstraintGenerateInDDL>true</columnDependencyConstraintGenerateInDDL>
</FKIndexAssociation>