<?xml version = '1.0' encoding = 'UTF-8'?>
<FKIndexAssociation class="oracle.dbtools.crest.model.design.relational.FKIndexAssociation" directorySegmentName="seg_0" id="7C16F9F6-7C26-7CD4-9A8C-6A159E5D66E6" containerWithKeyObject="63005D41-1EA8-51A6-B93F-CE7B54CA127C" localFKIndex="3081BAC4-9F76-F195-EDB0-E1CB3C8C0CE5" name="PEDIDO_CLIENTE_FK">
<createdBy>dlicinio</createdBy>
<createdTime>2021-05-30 23:41:34 UTC</createdTime>
<generatorID>CB081794-8F55-7E07-1522-1379AA42909D</generatorID>
<ownerDesignName>Magazine</ownerDesignName>
<referredTableLongName>CLIENTE</referredTableLongName>
<deleteRule>NO ACTION</deleteRule>
<referredTableID>D08B3C3F-4AFD-D71B-6A0E-58066826F5CC</referredTableID>
<keyObject>A7A398E0-C3DD-A0B7-C0A0-917B070C1C96</keyObject>
<referredKeyID>A7A398E0-C3DD-A0B7-C0A0-917B070C1C96</referredKeyID>
<mandatory>true</mandatory>
<refColNames>id_cliente</refColNames>
<transferable>true</transferable>
<rely>false</rely>
<columnDependencyConstraintGenerateInDDL>true</columnDependencyConstraintGenerateInDDL>
</FKIndexAssociation>