<?xml version = '1.0' encoding = 'UTF-8'?>
<FKIndexAssociation class="oracle.dbtools.crest.model.design.relational.FKIndexAssociation" directorySegmentName="seg_0" id="7EA60311-5C2C-97DB-91B0-D9E184121EF7" containerWithKeyObject="CC33DE44-8368-C1C7-D0A3-F5F180DA6E47" localFKIndex="8945BCF9-193D-8B6F-2797-355CA2CB0BD5" name="PRODUTO_TIPO_PRODUTO_FK">
<createdBy>dlicinio</createdBy>
<createdTime>2021-05-30 23:41:34 UTC</createdTime>
<generatorID>E88966F2-256D-B26D-BD39-C89FF45062DC</generatorID>
<ownerDesignName>Magazine</ownerDesignName>
<referredTableLongName>TIPO_PRODUTO</referredTableLongName>
<deleteRule>NO ACTION</deleteRule>
<referredTableID>2A25E8C5-E1DC-24AD-FB65-69020978C1E1</referredTableID>
<keyObject>4DF5348D-F136-90BA-B5DD-925EB99A459E</keyObject>
<referredKeyID>4DF5348D-F136-90BA-B5DD-925EB99A459E</referredKeyID>
<mandatory>true</mandatory>
<refColNames>id_tipo_produto</refColNames>
<transferable>true</transferable>
<rely>false</rely>
<columnDependencyConstraintGenerateInDDL>true</columnDependencyConstraintGenerateInDDL>
</FKIndexAssociation>