<?xml version = '1.0' encoding = 'UTF-8'?>
<FKIndexAssociation class="oracle.dbtools.crest.model.design.relational.FKIndexAssociation" directorySegmentName="seg_0" id="818A138B-1470-533A-7E91-E46406686FB9" containerWithKeyObject="B0C72517-3C11-6A37-4AF6-7D48EE189052" localFKIndex="87130B40-11FC-49CD-F73A-31F10F78C318" name="TIPO_TELEFONE_LOJA_TELEFONE_LOJA_FK">
<createdBy>dlicinio</createdBy>
<createdTime>2021-05-30 23:41:34 UTC</createdTime>
<generatorID>916D05C4-C4E9-C14F-908B-0181460866F1</generatorID>
<ownerDesignName>Magazine</ownerDesignName>
<referredTableLongName>TELEFONE_LOJA</referredTableLongName>
<deleteRule>NO ACTION</deleteRule>
<referredTableID>285CE69B-2D85-321E-7772-B974B5B11C52</referredTableID>
<keyObject>D3DF61FF-5522-D8A0-150E-190EDB226C5E</keyObject>
<referredKeyID>D3DF61FF-5522-D8A0-150E-190EDB226C5E</referredKeyID>
<mandatory>true</mandatory>
<refColNames>numero_telefone</refColNames>
<transferable>true</transferable>
<rely>false</rely>
<columnDependencyConstraintGenerateInDDL>true</columnDependencyConstraintGenerateInDDL>
</FKIndexAssociation>