<?xml version = '1.0' encoding = 'UTF-8'?>
<FKIndexAssociation class="oracle.dbtools.crest.model.design.relational.FKIndexAssociation" directorySegmentName="seg_0" id="82A567C0-4402-6640-9E0E-5D1F02F9FBC4" containerWithKeyObject="63005D41-1EA8-51A6-B93F-CE7B54CA127C" localFKIndex="CB998926-FD24-5C74-BA91-70EC87BAB5FA" name="PEDIDO_LOJA_FK">
<createdBy>dlicinio</createdBy>
<createdTime>2021-05-30 23:41:34 UTC</createdTime>
<generatorID>CE27A24D-57B0-B69D-AB87-B7E7A1DDBAA7</generatorID>
<ownerDesignName>Magazine</ownerDesignName>
<referredTableLongName>LOJA</referredTableLongName>
<deleteRule>NO ACTION</deleteRule>
<referredTableID>1E0E668C-1B4A-CBFE-DC0F-B752D9EEF84F</referredTableID>
<keyObject>722F0448-01B7-13F7-B108-A53C5F2B55EC</keyObject>
<referredKeyID>722F0448-01B7-13F7-B108-A53C5F2B55EC</referredKeyID>
<mandatory>true</mandatory>
<refColNames>id_loja</refColNames>
<transferable>true</transferable>
<rely>false</rely>
<columnDependencyConstraintGenerateInDDL>true</columnDependencyConstraintGenerateInDDL>
</FKIndexAssociation>