<?xml version = '1.0' encoding = 'UTF-8'?>
<FKIndexAssociation class="oracle.dbtools.crest.model.design.relational.FKIndexAssociation" directorySegmentName="seg_0" id="8FFF7786-33A6-1AC5-F58D-2C7E6DB91B53" containerWithKeyObject="FE481B9D-CEAD-D783-2379-3E96B967C3F4" localFKIndex="063121C3-70F3-B462-A7E0-243ED87A5053" name="ENDERECO_CLIENTE_CLIENTE_FK">
<createdBy>dlicinio</createdBy>
<createdTime>2021-05-30 23:41:34 UTC</createdTime>
<generatorID>05B8D245-8A90-DF2C-0A37-DE042FB4C143</generatorID>
<ownerDesignName>Magazine</ownerDesignName>
<referredTableLongName>CLIENTE</referredTableLongName>
<deleteRule>NO ACTION</deleteRule>
<referredTableID>D08B3C3F-4AFD-D71B-6A0E-58066826F5CC</referredTableID>
<keyObject>A7A398E0-C3DD-A0B7-C0A0-917B070C1C96</keyObject>
<referredKeyID>A7A398E0-C3DD-A0B7-C0A0-917B070C1C96</referredKeyID>
<mandatory>true</mandatory>
<refColNames>id_cliente</refColNames>
<transferable>true</transferable>
<rely>false</rely>
<columnDependencyConstraintGenerateInDDL>true</columnDependencyConstraintGenerateInDDL>
</FKIndexAssociation>