<?xml version = '1.0' encoding = 'UTF-8'?>
<FKIndexAssociation class="oracle.dbtools.crest.model.design.relational.FKIndexAssociation" directorySegmentName="seg_0" id="951BC58B-3D71-355B-47C3-4FAE340B2E9C" containerWithKeyObject="1E0E668C-1B4A-CBFE-DC0F-B752D9EEF84F" localFKIndex="52B333B3-1A84-37E8-B3BA-5964BD322546" name="LOJA_TIPO_LOJA_FK">
<createdBy>dlicinio</createdBy>
<createdTime>2021-05-30 23:41:34 UTC</createdTime>
<generatorID>CFFEFD68-7A26-D203-A565-5420FF1385D7</generatorID>
<ownerDesignName>Magazine</ownerDesignName>
<referredTableLongName>TIPO_LOJA</referredTableLongName>
<deleteRule>NO ACTION</deleteRule>
<referredTableID>4D3C5CA5-5D1B-CFEE-14E0-B62313875F33</referredTableID>
<keyObject>3B23EF85-DE0E-3501-EEF8-EB7A71490FB8</keyObject>
<referredKeyID>3B23EF85-DE0E-3501-EEF8-EB7A71490FB8</referredKeyID>
<mandatory>true</mandatory>
<refColNames>id_tipo_loja</refColNames>
<transferable>true</transferable>
<rely>false</rely>
<columnDependencyConstraintGenerateInDDL>true</columnDependencyConstraintGenerateInDDL>
</FKIndexAssociation>