<?xml version = '1.0' encoding = 'UTF-8'?>
<FKIndexAssociation class="oracle.dbtools.crest.model.design.relational.FKIndexAssociation" directorySegmentName="seg_0" id="95AA7609-747B-EC7E-B6BC-DE6634F2A25E" containerWithKeyObject="C4BEEDC1-F592-C890-AB81-B4A79E108A3F" localFKIndex="0EDF457E-7DF7-D68E-2965-BE84435DB426" name="ESTOQUE_LOJA_FK">
<createdBy>dlicinio</createdBy>
<createdTime>2021-05-30 23:41:34 UTC</createdTime>
<generatorID>63337363-85FE-005A-DB7B-A3FE614AE20F</generatorID>
<ownerDesignName>Magazine</ownerDesignName>
<referredTableLongName>LOJA</referredTableLongName>
<deleteRule>NO ACTION</deleteRule>
<referredTableID>1E0E668C-1B4A-CBFE-DC0F-B752D9EEF84F</referredTableID>
<keyObject>722F0448-01B7-13F7-B108-A53C5F2B55EC</keyObject>
<referredKeyID>722F0448-01B7-13F7-B108-A53C5F2B55EC</referredKeyID>
<mandatory>true</mandatory>
<refColNames>id_loja</refColNames>
<transferable>true</transferable>
<rely>false</rely>
<columnDependencyConstraintGenerateInDDL>true</columnDependencyConstraintGenerateInDDL>
</FKIndexAssociation>