<?xml version = '1.0' encoding = 'UTF-8'?>
<FKIndexAssociation class="oracle.dbtools.crest.model.design.relational.FKIndexAssociation" directorySegmentName="seg_0" id="9D22B6BA-04C1-7DEB-11B6-8F101C59C072" containerWithKeyObject="20D1CA3E-AF5D-81EF-9589-F6E7C7082BC9" localFKIndex="5A748D71-9358-815D-1AA7-77DD5FB3041E" name="ITENS_PEDIDO_PRODUTO_FK">
<createdBy>dlicinio</createdBy>
<createdTime>2021-05-30 23:41:34 UTC</createdTime>
<generatorID>C6E11CF2-3675-DC59-E6ED-183DE9BC9A71</generatorID>
<ownerDesignName>Magazine</ownerDesignName>
<referredTableLongName>PRODUTO</referredTableLongName>
<deleteRule>NO ACTION</deleteRule>
<referredTableID>CC33DE44-8368-C1C7-D0A3-F5F180DA6E47</referredTableID>
<keyObject>C5C2940A-BCEE-7F8E-81E0-921B924A5B74</keyObject>
<referredKeyID>C5C2940A-BCEE-7F8E-81E0-921B924A5B74</referredKeyID>
<mandatory>true</mandatory>
<refColNames>id_produto</refColNames>
<transferable>true</transferable>
<rely>false</rely>
<columnDependencyConstraintGenerateInDDL>true</columnDependencyConstraintGenerateInDDL>
</FKIndexAssociation>