<?xml version = '1.0' encoding = 'UTF-8'?>
<FKIndexAssociation class="oracle.dbtools.crest.model.design.relational.FKIndexAssociation" directorySegmentName="seg_0" id="A7756C26-FFCB-8A89-5982-57C019F20A2B" containerWithKeyObject="9C5A0DE5-3213-BED4-5A16-6462C8BBFA64" localFKIndex="209D4DFF-C863-35C0-59E4-F5BBA7425823" name="ENDERECO_LOJA_LOJA_FK">
<createdBy>dlicinio</createdBy>
<createdTime>2021-05-30 23:41:34 UTC</createdTime>
<generatorID>46D00EC4-0A2D-FB57-8C76-F5F689BE6E10</generatorID>
<ownerDesignName>Magazine</ownerDesignName>
<referredTableLongName>LOJA</referredTableLongName>
<deleteRule>NO ACTION</deleteRule>
<referredTableID>1E0E668C-1B4A-CBFE-DC0F-B752D9EEF84F</referredTableID>
<keyObject>722F0448-01B7-13F7-B108-A53C5F2B55EC</keyObject>
<referredKeyID>722F0448-01B7-13F7-B108-A53C5F2B55EC</referredKeyID>
<mandatory>true</mandatory>
<refColNames>id_loja</refColNames>
<transferable>true</transferable>
<rely>false</rely>
<columnDependencyConstraintGenerateInDDL>true</columnDependencyConstraintGenerateInDDL>
</FKIndexAssociation>