<?xml version = '1.0' encoding = 'UTF-8'?>
<FKIndexAssociation class="oracle.dbtools.crest.model.design.relational.FKIndexAssociation" directorySegmentName="seg_0" id="BD430B00-7D44-9EEF-777C-922181127262" containerWithKeyObject="285CE69B-2D85-321E-7772-B974B5B11C52" localFKIndex="C3A3A46D-2E30-236E-806D-56E6424FFECA" name="TELEFONE_LOJA_LOJA_FK">
<createdBy>dlicinio</createdBy>
<createdTime>2021-05-30 23:41:34 UTC</createdTime>
<generatorID>090E1842-5AD0-81CF-432D-5C9882AF6FE4</generatorID>
<ownerDesignName>Magazine</ownerDesignName>
<referredTableLongName>LOJA</referredTableLongName>
<deleteRule>NO ACTION</deleteRule>
<referredTableID>1E0E668C-1B4A-CBFE-DC0F-B752D9EEF84F</referredTableID>
<keyObject>722F0448-01B7-13F7-B108-A53C5F2B55EC</keyObject>
<referredKeyID>722F0448-01B7-13F7-B108-A53C5F2B55EC</referredKeyID>
<mandatory>true</mandatory>
<refColNames>id_loja</refColNames>
<transferable>true</transferable>
<rely>false</rely>
<columnDependencyConstraintGenerateInDDL>true</columnDependencyConstraintGenerateInDDL>
</FKIndexAssociation>