<?xml version = '1.0' encoding = 'UTF-8'?>
<FKIndexAssociation class="oracle.dbtools.crest.model.design.relational.FKIndexAssociation" directorySegmentName="seg_0" id="C28C69A5-3A5E-0465-DCA0-8CD3E307BBCF" containerWithKeyObject="63005D41-1EA8-51A6-B93F-CE7B54CA127C" localFKIndex="8D206C33-B279-B39D-C5CF-57A41B76B931" name="PEDIDO_FUNCIONÁRIOS_FK">
<createdBy>dlicinio</createdBy>
<createdTime>2021-05-30 23:41:34 UTC</createdTime>
<generatorID>7023832C-2093-622B-58FA-4F9253AD73BB</generatorID>
<ownerDesignName>Magazine</ownerDesignName>
<referredTableLongName>FUNCIONARIOS</referredTableLongName>
<deleteRule>NO ACTION</deleteRule>
<referredTableID>E12B8AC2-921F-B7A8-527B-C790CA50C8C1</referredTableID>
<keyObject>67C7BA55-C88E-664E-759F-381A41B1FD00</keyObject>
<referredKeyID>67C7BA55-C88E-664E-759F-381A41B1FD00</referredKeyID>
<mandatory>true</mandatory>
<refColNames>id_funcionario</refColNames>
<transferable>true</transferable>
<rely>false</rely>
<columnDependencyConstraintGenerateInDDL>true</columnDependencyConstraintGenerateInDDL>
</FKIndexAssociation>