<?xml version = '1.0' encoding = 'UTF-8'?>
<FKIndexAssociation class="oracle.dbtools.crest.model.design.relational.FKIndexAssociation" directorySegmentName="seg_0" id="C5F1B07C-C724-F429-CF98-98AA59D5378E" containerWithKeyObject="C4BEEDC1-F592-C890-AB81-B4A79E108A3F" localFKIndex="906A0519-29E8-7453-6034-F4FC165EEF8C" name="ESTOQUE_PRODUTO_FK">
<createdBy>dlicinio</createdBy>
<createdTime>2021-05-30 23:41:34 UTC</createdTime>
<generatorID>1D90C2C8-CE16-B019-0E32-16A8F95F7E69</generatorID>
<ownerDesignName>Magazine</ownerDesignName>
<referredTableLongName>PRODUTO</referredTableLongName>
<deleteRule>NO ACTION</deleteRule>
<referredTableID>CC33DE44-8368-C1C7-D0A3-F5F180DA6E47</referredTableID>
<keyObject>C5C2940A-BCEE-7F8E-81E0-921B924A5B74</keyObject>
<referredKeyID>C5C2940A-BCEE-7F8E-81E0-921B924A5B74</referredKeyID>
<mandatory>true</mandatory>
<refColNames>id_produto</refColNames>
<transferable>true</transferable>
<rely>false</rely>
<columnDependencyConstraintGenerateInDDL>true</columnDependencyConstraintGenerateInDDL>
</FKIndexAssociation>