<?xml version = '1.0' encoding = 'UTF-8'?>
<FKIndexAssociation class="oracle.dbtools.crest.model.design.relational.FKIndexAssociation" directorySegmentName="seg_0" id="D390A219-E650-E4B3-8750-EE0F74A687C7" containerWithKeyObject="CC33DE44-8368-C1C7-D0A3-F5F180DA6E47" localFKIndex="D2551F75-C18C-EE4D-3E88-2E2657054C7F" name="PRODUTO_MARCA_FK">
<createdBy>dlicinio</createdBy>
<createdTime>2021-05-30 23:41:34 UTC</createdTime>
<generatorID>037CE458-1485-EC83-2261-B7C6A70A7184</generatorID>
<ownerDesignName>Magazine</ownerDesignName>
<referredTableLongName>MARCA</referredTableLongName>
<deleteRule>NO ACTION</deleteRule>
<referredTableID>CD87F764-69FE-B6F4-283E-AB314805D70D</referredTableID>
<keyObject>939B25FE-98D2-C69F-28F4-8911FBC9CA06</keyObject>
<referredKeyID>939B25FE-98D2-C69F-28F4-8911FBC9CA06</referredKeyID>
<mandatory>true</mandatory>
<refColNames>id_marca</refColNames>
<transferable>true</transferable>
<rely>false</rely>
<columnDependencyConstraintGenerateInDDL>true</columnDependencyConstraintGenerateInDDL>
</FKIndexAssociation>