<?xml version = '1.0' encoding = 'UTF-8'?>
<FKIndexAssociation class="oracle.dbtools.crest.model.design.relational.FKIndexAssociation" directorySegmentName="seg_0" id="D6638E97-ED0E-4E08-40A0-C256E007E323" containerWithKeyObject="E12B8AC2-921F-B7A8-527B-C790CA50C8C1" localFKIndex="0ACE5DB0-60EA-4644-4E54-8D383C8B8300" name="FUNCIONÁRIOS_LOJA_FK">
<createdBy>dlicinio</createdBy>
<createdTime>2021-05-30 23:41:34 UTC</createdTime>
<generatorID>28F780F9-95CB-015A-6E1C-E72424802711</generatorID>
<ownerDesignName>Magazine</ownerDesignName>
<referredTableLongName>LOJA</referredTableLongName>
<deleteRule>NO ACTION</deleteRule>
<referredTableID>1E0E668C-1B4A-CBFE-DC0F-B752D9EEF84F</referredTableID>
<keyObject>722F0448-01B7-13F7-B108-A53C5F2B55EC</keyObject>
<referredKeyID>722F0448-01B7-13F7-B108-A53C5F2B55EC</referredKeyID>
<mandatory>true</mandatory>
<refColNames>id_loja</refColNames>
<transferable>true</transferable>
<rely>false</rely>
<columnDependencyConstraintGenerateInDDL>true</columnDependencyConstraintGenerateInDDL>
</FKIndexAssociation>