<?xml version = '1.0' encoding = 'UTF-8'?>
<FKIndexAssociation class="oracle.dbtools.crest.model.design.relational.FKIndexAssociation" directorySegmentName="seg_0" id="D78CD635-5DAB-A5E6-7131-22C82F2D3FBB" containerWithKeyObject="E12B8AC2-921F-B7A8-527B-C790CA50C8C1" localFKIndex="3CD3DCF1-0FBD-A8A4-85E6-940C72195EAC" name="FUNCIONÁRIOS_FUNCIONÁRIOS_FK">
<createdBy>dlicinio</createdBy>
<createdTime>2021-05-30 23:41:34 UTC</createdTime>
<generatorID>A0ECA8AB-F787-A2D2-F672-F4C75AB744A3</generatorID>
<ownerDesignName>Magazine</ownerDesignName>
<referredTableLongName>FUNCIONARIOS</referredTableLongName>
<deleteRule>NO ACTION</deleteRule>
<referredTableID>E12B8AC2-921F-B7A8-527B-C790CA50C8C1</referredTableID>
<keyObject>67C7BA55-C88E-664E-759F-381A41B1FD00</keyObject>
<referredKeyID>67C7BA55-C88E-664E-759F-381A41B1FD00</referredKeyID>
<mandatory>true</mandatory>
<refColNames>id_funcionario</refColNames>
<transferable>true</transferable>
<rely>false</rely>
<columnDependencyConstraintGenerateInDDL>true</columnDependencyConstraintGenerateInDDL>
</FKIndexAssociation>