<?xml version = '1.0' encoding = 'UTF-8'?>
<FKIndexAssociation class="oracle.dbtools.crest.model.design.relational.FKIndexAssociation" directorySegmentName="seg_0" id="DD23F580-9A9E-57F1-AB96-71BC05AE189C" containerWithKeyObject="63005D41-1EA8-51A6-B93F-CE7B54CA127C" localFKIndex="BD8E3D3C-81D6-8FF6-8698-B865F0821E54" name="PEDIDO_RESERVA_FK">
<createdBy>dlicinio</createdBy>
<createdTime>2021-05-30 23:41:34 UTC</createdTime>
<generatorID>F1DBD03F-C346-9993-CC08-1B18B5EC22BE</generatorID>
<ownerDesignName>Magazine</ownerDesignName>
<referredTableLongName>RESERVA</referredTableLongName>
<deleteRule>NO ACTION</deleteRule>
<referredTableID>46DF12CD-573B-5E4D-F7D1-64C55102326E</referredTableID>
<keyObject>0786B9E3-234F-D465-006D-392491C00B0D</keyObject>
<referredKeyID>0786B9E3-234F-D465-006D-392491C00B0D</referredKeyID>
<mandatory>true</mandatory>
<refColNames>id_reserva</refColNames>
<transferable>true</transferable>
<rely>false</rely>
<columnDependencyConstraintGenerateInDDL>true</columnDependencyConstraintGenerateInDDL>
</FKIndexAssociation>