<?xml version = '1.0' encoding = 'UTF-8'?>
<FKIndexAssociation class="oracle.dbtools.crest.model.design.relational.FKIndexAssociation" directorySegmentName="seg_0" id="E6944045-7E60-2FF2-1D72-37A0A7C12457" containerWithKeyObject="4228F7A2-44A4-BAF1-3D44-2D807862D4C0" localFKIndex="9D5FE353-F374-5ADC-9733-891F963A6393" name="NAO_PRECISA_APROVACAO_ITENS_PEDIDO_FK">
<createdBy>dlicinio</createdBy>
<createdTime>2021-05-30 23:41:34 UTC</createdTime>
<generatorID>15134C1F-2D99-0F80-5054-469829B0D729</generatorID>
<ownerDesignName>Magazine</ownerDesignName>
<referredTableLongName>ITENS_PEDIDO</referredTableLongName>
<arc>47DA52F1-E0F8-A4B7-84D8-B5D1FD187932</arc>
<deleteRule>NO ACTION</deleteRule>
<referredTableID>20D1CA3E-AF5D-81EF-9589-F6E7C7082BC9</referredTableID>
<keyObject>03C31025-FDB7-0BC0-7BFF-F7E9DAE16AF1</keyObject>
<referredKeyID>03C31025-FDB7-0BC0-7BFF-F7E9DAE16AF1</referredKeyID>
<mandatory>true</mandatory>
<refColNames>id_produto</refColNames>
<transferable>true</transferable>
<rely>false</rely>
<columnDependencyConstraintGenerateInDDL>true</columnDependencyConstraintGenerateInDDL>
</FKIndexAssociation>