<?xml version = '1.0' encoding = 'UTF-8'?>
<FKIndexAssociation class="oracle.dbtools.crest.model.design.relational.FKIndexAssociation" directorySegmentName="seg_0" id="E6F84ACE-EA6B-4DBF-A860-FEFB7C5A7171" containerWithKeyObject="499B036F-EC75-19E4-24AB-037031D90B02" localFKIndex="AD57CF74-7A04-0147-19CD-749806913D1F" name="TIPO_TELEFONE_CLIENTE_TELEFONE_CLIENTE_FK">
<createdBy>dlicinio</createdBy>
<createdTime>2021-05-30 23:41:34 UTC</createdTime>
<generatorID>83969015-810B-C932-5840-E20C91268797</generatorID>
<ownerDesignName>Magazine</ownerDesignName>
<referredTableLongName>TELEFONE_CLIENTE</referredTableLongName>
<deleteRule>NO ACTION</deleteRule>
<referredTableID>2B5CF845-57F0-8AAC-DAE7-929C53AABB7B</referredTableID>
<keyObject>EECF87CC-98C1-093F-A044-F44F0023901E</keyObject>
<referredKeyID>EECF87CC-98C1-093F-A044-F44F0023901E</referredKeyID>
<mandatory>true</mandatory>
<refColNames>numero_telefone</refColNames>
<transferable>true</transferable>
<rely>false</rely>
<columnDependencyConstraintGenerateInDDL>true</columnDependencyConstraintGenerateInDDL>
</FKIndexAssociation>