<?xml version = '1.0' encoding = 'UTF-8'?>
<FKIndexAssociation class="oracle.dbtools.crest.model.design.relational.FKIndexAssociation" directorySegmentName="seg_0" id="F528EF69-F0D9-2909-5E0C-22CD46225441" containerWithKeyObject="19624677-24B9-1817-30FD-66F7763EE98D" localFKIndex="252EFF53-C261-7DF4-CE36-D43877A25220" name="PESSOA_FISICA_CLIENTE_FK">
<createdBy>dlicinio</createdBy>
<createdTime>2021-05-30 23:41:34 UTC</createdTime>
<generatorID>09E4A284-DEC6-D1E3-A985-02865EAA7496</generatorID>
<ownerDesignName>Magazine</ownerDesignName>
<referredTableLongName>CLIENTE</referredTableLongName>
<arc>B435141D-09EC-228B-7D78-10AA35FB9B74</arc>
<deleteRule>NO ACTION</deleteRule>
<referredTableID>D08B3C3F-4AFD-D71B-6A0E-58066826F5CC</referredTableID>
<keyObject>A7A398E0-C3DD-A0B7-C0A0-917B070C1C96</keyObject>
<referredKeyID>A7A398E0-C3DD-A0B7-C0A0-917B070C1C96</referredKeyID>
<mandatory>true</mandatory>
<refColNames>id_cliente</refColNames>
<transferable>true</transferable>
<rely>false</rely>
<columnDependencyConstraintGenerateInDDL>true</columnDependencyConstraintGenerateInDDL>
</FKIndexAssociation>