<?xml version = '1.0' encoding = 'UTF-8'?>
<relationalModel class="oracle.dbtools.crest.model.design.relational.RelationalDesign" name="Relational_1" id="1B76025D-24D3-3A4F-533F-97864CB1A485" mainViewID="B02EE185-1305-3A96-614C-F4271FCD121B">
<createdBy>dlicinio</createdBy>
<createdTime>2021-05-11 23:21:27 UTC</createdTime>
<ownerDesignName>Magazine_Wearing_Moldar</ownerDesignName>
<shouldBeOpen>true</shouldBeOpen>
<selectedRDBMSSite>32076570-2523-435C-2E92-BF29817DFF70</selectedRDBMSSite>
</relationalModel>