<?xml version = '1.0' encoding = 'UTF-8'?>
<Entity class="oracle.dbtools.crest.model.design.logical.Entity" directorySegmentName="seg_0" id="0C46A16F-2954-3A9A-612C-C08F98B9ED51" name="PEDIDO">
<createdBy>dlicinio</createdBy>
<createdTime>2021-05-12 00:39:23 UTC</createdTime>
<ownerDesignName>Magazine</ownerDesignName>
<engineerTo>
<item key="1B76025D-24D3-3A4F-533F-97864CB1A485" value="true"/>
</engineerTo>
<adequatelyNormalized>NO</adequatelyNormalized>
<expectedVolumes>0</expectedVolumes>
<fwdEngineeringStrategyName>Single Table</fwdEngineeringStrategyName>
<growthPercent>0</growthPercent>
<growthType>Year</growthType>
<maxVolumes>9999999</maxVolumes>
<minVolumes>0</minVolumes>
<normalForm>Third</normalForm>
<attributes itemClass="oracle.dbtools.crest.model.design.logical.Attribute">
<Attribute name="id_pedido" id="82D34782-65C3-FB74-2BF6-279D87A23733">
<createdBy>dlicinio</createdBy>
<createdTime>2021-05-12 00:39:29 UTC</createdTime>
<ownerDesignName>Magazine</ownerDesignName>
<engineerTo>
<item key="1B76025D-24D3-3A4F-533F-97864CB1A485" value="true"/>
</engineerTo>
<useDomainConstraints>false</useDomainConstraints>
<use>1</use>
<logicalDatatype>LOGDT019</logicalDatatype>
<dataTypePrecision>30</dataTypePrecision>
<ownDataTypeParameters>,30,</ownDataTypeParameters>
</Attribute>
<Attribute name="data_pedido" id="5FFF4792-B1C7-D6EA-C6EF-8E6BD89C6F87">
<createdBy>dlicinio</createdBy>
<createdTime>2021-05-12 00:39:46 UTC</createdTime>
<ownerDesignName>Magazine</ownerDesignName>
<engineerTo>
<item key="1B76025D-24D3-3A4F-533F-97864CB1A485" value="true"/>
</engineerTo>
<useDomainConstraints>false</useDomainConstraints>
<use>1</use>
<logicalDatatype>LOGDT007</logicalDatatype>
<ownDataTypeParameters>,,</ownDataTypeParameters>
</Attribute>
<Attribute name="desconto" id="4ECBF56B-D0A2-EBD7-252D-08DF081950E3">
<createdBy>dlicinio</createdBy>
<createdTime>2021-05-12 02:28:51 UTC</createdTime>
<ownerDesignName>Magazine</ownerDesignName>
<engineerTo>
<item key="1B76025D-24D3-3A4F-533F-97864CB1A485" value="true"/>
</engineerTo>
<useDomainConstraints>false</useDomainConstraints>
<use>1</use>
<logicalDatatype>LOGDT019</logicalDatatype>
<dataTypePrecision>30</dataTypePrecision>
<ownDataTypeParameters>,30,</ownDataTypeParameters>
</Attribute>
<Attribute name="id_loja" id="2308702B-3B16-853B-6B9A-500B42733626">
<createdBy>dlicinio</createdBy>
<createdTime>2021-05-25 22:50:08 UTC</createdTime>
<generatorID>CE27A24D-57B0-B69D-AB87-B7E7A1DDBAA7</generatorID>
<ownerDesignName>Magazine</ownerDesignName>
<engineerTo>
<item key="1B76025D-24D3-3A4F-533F-97864CB1A485" value="true"/>
</engineerTo>
<referedAttribute>3A706B46-372A-F8E2-6D8F-35CAFCE39D3E</referedAttribute>
<useDomainConstraints>false</useDomainConstraints>
<use>1</use>
<logicalDatatype>LOGDT019</logicalDatatype>
<dataTypePrecision>30</dataTypePrecision>
<ownDataTypeParameters>,30,</ownDataTypeParameters>
</Attribute>
<Attribute name="id_cliente" id="9E89F391-DE18-004F-EBD4-8FF879F582B3">
<createdBy>dlicinio</createdBy>
<createdTime>2021-05-25 22:51:36 UTC</createdTime>
<generatorID>CB081794-8F55-7E07-1522-1379AA42909D</generatorID>
<ownerDesignName>Magazine</ownerDesignName>
<engineerTo>
<item key="1B76025D-24D3-3A4F-533F-97864CB1A485" value="true"/>
</engineerTo>
<referedAttribute>D9A74E02-F4D2-C31E-11EE-B81E437BDCB6</referedAttribute>
<useDomainConstraints>false</useDomainConstraints>
<use>1</use>
<logicalDatatype>LOGDT019</logicalDatatype>
<dataTypePrecision>20</dataTypePrecision>
<ownDataTypeParameters>,20,</ownDataTypeParameters>
</Attribute>
<Attribute name="id_funcionario" id="A63FB400-AA9E-3C48-534B-FDB18F2EF34D">
<createdBy>dlicinio</createdBy>
<createdTime>2021-05-25 23:23:28 UTC</createdTime>
<generatorID>7023832C-2093-622B-58FA-4F9253AD73BB</generatorID>
<ownerDesignName>Magazine</ownerDesignName>
<engineerTo>
<item key="1B76025D-24D3-3A4F-533F-97864CB1A485" value="true"/>
</engineerTo>
<referedAttribute>EA7B5108-2444-D318-195C-202C789FB9D1</referedAttribute>
<useDomainConstraints>false</useDomainConstraints>
<use>1</use>
<logicalDatatype>LOGDT019</logicalDatatype>
<dataTypePrecision>30</dataTypePrecision>
<ownDataTypeParameters>,30,</ownDataTypeParameters>
</Attribute>
<Attribute name="id_reserva" id="EDDF2FA7-A2EC-EFC7-56CE-83C33EA81D6B">
<createdBy>dlicinio</createdBy>
<createdTime>2021-05-26 00:49:58 UTC</createdTime>
<generatorID>F1DBD03F-C346-9993-CC08-1B18B5EC22BE</generatorID>
<ownerDesignName>Magazine</ownerDesignName>
<engineerTo>
<item key="1B76025D-24D3-3A4F-533F-97864CB1A485" value="true"/>
</engineerTo>
<referedAttribute>A0A38A64-3D59-113A-164F-EDF0C93DE351</referedAttribute>
<useDomainConstraints>false</useDomainConstraints>
<use>1</use>
<logicalDatatype>LOGDT019</logicalDatatype>
<dataTypePrecision>20</dataTypePrecision>
<ownDataTypeParameters>,20,</ownDataTypeParameters>
</Attribute>
</attributes>
<identifiers itemClass="oracle.dbtools.crest.model.design.logical.CandidateKey">
<identifier id="AF1A7565-84DE-3F70-D0D7-5DCA8410DC30" name="PEDIDO PK">
<createdBy>dlicinio</createdBy>
<createdTime>2021-05-12 00:39:44 UTC</createdTime>
<ownerDesignName>Magazine</ownerDesignName>
<engineerTo>
<item key="1B76025D-24D3-3A4F-533F-97864CB1A485" value="true"/>
</engineerTo>
<pk>true</pk>
<usedAttributes>
<attributeRef>82D34782-65C3-FB74-2BF6-279D87A23733</attributeRef>
</usedAttributes>
</identifier>
</identifiers>
</Entity>