<?xml version = '1.0' encoding = 'UTF-8'?>
<Entity class="oracle.dbtools.crest.model.design.logical.Entity" directorySegmentName="seg_0" id="233CB7E5-1E79-B009-8F03-DE2AADE30B16" name="ITENS_PEDIDO">
<createdBy>dlicinio</createdBy>
<createdTime>2021-05-12 00:39:59 UTC</createdTime>
<ownerDesignName>Magazine</ownerDesignName>
<engineerTo>
<item key="1B76025D-24D3-3A4F-533F-97864CB1A485" value="true"/>
</engineerTo>
<adequatelyNormalized>NO</adequatelyNormalized>
<expectedVolumes>0</expectedVolumes>
<fwdEngineeringStrategyName>Single Table</fwdEngineeringStrategyName>
<growthPercent>0</growthPercent>
<growthType>Year</growthType>
<maxVolumes>9999999</maxVolumes>
<minVolumes>0</minVolumes>
<normalForm>Third</normalForm>
<attributes itemClass="oracle.dbtools.crest.model.design.logical.Attribute">
<Attribute name="id_pedido" id="5B3654C8-6207-986A-8C26-321FA7AA41C1">
<createdBy>dlicinio</createdBy>
<createdTime>2021-05-12 00:54:47 UTC</createdTime>
<generatorID>9E48675A-3133-2B65-2443-D2568FCE5086</generatorID>
<ownerDesignName>Magazine</ownerDesignName>
<engineerTo>
<item key="1B76025D-24D3-3A4F-533F-97864CB1A485" value="true"/>
</engineerTo>
<referedAttribute>82D34782-65C3-FB74-2BF6-279D87A23733</referedAttribute>
<useDomainConstraints>false</useDomainConstraints>
<use>1</use>
<logicalDatatype>LOGDT019</logicalDatatype>
<dataTypePrecision>30</dataTypePrecision>
<ownDataTypeParameters>,30,</ownDataTypeParameters>
</Attribute>
<Attribute name="quantidade" id="3D66BD8C-B256-3C6E-1103-46CEF7B8A28F">
<createdBy>dlicinio</createdBy>
<createdTime>2021-05-12 00:40:11 UTC</createdTime>
<ownerDesignName>Magazine</ownerDesignName>
<engineerTo>
<item key="1B76025D-24D3-3A4F-533F-97864CB1A485" value="true"/>
</engineerTo>
<useDomainConstraints>false</useDomainConstraints>
<use>1</use>
<logicalDatatype>LOGDT019</logicalDatatype>
<dataTypePrecision>100</dataTypePrecision>
<ownDataTypeParameters>,100,</ownDataTypeParameters>
</Attribute>
<Attribute name="id_produto" id="998DB349-D380-EC77-9EB5-D02511ABEF94">
<createdBy>dlicinio</createdBy>
<createdTime>2021-05-26 00:03:05 UTC</createdTime>
<generatorID>C6E11CF2-3675-DC59-E6ED-183DE9BC9A71</generatorID>
<ownerDesignName>Magazine</ownerDesignName>
<engineerTo>
<item key="1B76025D-24D3-3A4F-533F-97864CB1A485" value="true"/>
</engineerTo>
<referedAttribute>7712C3BB-E96C-D634-1703-9A158828B38D</referedAttribute>
<useDomainConstraints>false</useDomainConstraints>
<use>1</use>
<logicalDatatype>LOGDT019</logicalDatatype>
<dataTypePrecision>20</dataTypePrecision>
<ownDataTypeParameters>,20,</ownDataTypeParameters>
</Attribute>
</attributes>
<identifiers itemClass="oracle.dbtools.crest.model.design.logical.CandidateKey">
<identifier id="1C0568D8-C4EE-0F4B-34F6-5C86613484D2" name="ITENS_PEDIDO PK">
<createdBy>dlicinio</createdBy>
<createdTime>2021-05-26 00:17:06 UTC</createdTime>
<ownerDesignName>Magazine</ownerDesignName>
<engineerTo>
<item key="1B76025D-24D3-3A4F-533F-97864CB1A485" value="true"/>
</engineerTo>
<pk>true</pk>
<usedAttributes>
<attributeRef>998DB349-D380-EC77-9EB5-D02511ABEF94</attributeRef>
</usedAttributes>
</identifier>
</identifiers>
</Entity>