<?xml version = '1.0' encoding = 'UTF-8'?>
<Entity class="oracle.dbtools.crest.model.design.logical.Entity" directorySegmentName="seg_0" id="262A1336-F541-D361-4E0B-0F59A0DB554D" name="FUNCIONARIOS">
<createdBy>dlicinio</createdBy>
<createdTime>2021-05-25 23:00:01 UTC</createdTime>
<ownerDesignName>Magazine</ownerDesignName>
<engineerTo>
<item key="1B76025D-24D3-3A4F-533F-97864CB1A485" value="true"/>
</engineerTo>
<adequatelyNormalized>NO</adequatelyNormalized>
<expectedVolumes>0</expectedVolumes>
<fwdEngineeringStrategyName>Single Table</fwdEngineeringStrategyName>
<growthPercent>0</growthPercent>
<growthType>Year</growthType>
<maxVolumes>9999999</maxVolumes>
<minVolumes>0</minVolumes>
<normalForm>Third</normalForm>
<attributes itemClass="oracle.dbtools.crest.model.design.logical.Attribute">
<Attribute name="id_funcionario" id="EA7B5108-2444-D318-195C-202C789FB9D1">
<createdBy>dlicinio</createdBy>
<createdTime>2021-05-25 23:00:13 UTC</createdTime>
<ownerDesignName>Magazine</ownerDesignName>
<engineerTo>
<item key="1B76025D-24D3-3A4F-533F-97864CB1A485" value="true"/>
</engineerTo>
<useDomainConstraints>false</useDomainConstraints>
<use>1</use>
<logicalDatatype>LOGDT019</logicalDatatype>
<dataTypePrecision>30</dataTypePrecision>
<ownDataTypeParameters>,30,</ownDataTypeParameters>
</Attribute>
<Attribute name="nome_funcionario" id="DF0AFF40-A5D9-8002-7173-5ACE441D827A">
<createdBy>dlicinio</createdBy>
<createdTime>2021-05-25 23:06:51 UTC</createdTime>
<ownerDesignName>Magazine</ownerDesignName>
<engineerTo>
<item key="1B76025D-24D3-3A4F-533F-97864CB1A485" value="true"/>
</engineerTo>
<useDomainConstraints>false</useDomainConstraints>
<use>1</use>
<logicalDatatype>LOGDT024</logicalDatatype>
<dataTypeSize>50</dataTypeSize>
<ownDataTypeParameters>50,,</ownDataTypeParameters>
</Attribute>
<Attribute name="id_loja" id="2B92D3D0-A813-ABA6-A67C-1EBC20722C5B">
<createdBy>dlicinio</createdBy>
<createdTime>2021-05-25 23:14:04 UTC</createdTime>
<generatorID>28F780F9-95CB-015A-6E1C-E72424802711</generatorID>
<ownerDesignName>Magazine</ownerDesignName>
<engineerTo>
<item key="1B76025D-24D3-3A4F-533F-97864CB1A485" value="true"/>
</engineerTo>
<referedAttribute>3A706B46-372A-F8E2-6D8F-35CAFCE39D3E</referedAttribute>
<useDomainConstraints>false</useDomainConstraints>
<use>1</use>
<logicalDatatype>LOGDT019</logicalDatatype>
<dataTypePrecision>30</dataTypePrecision>
<ownDataTypeParameters>,30,</ownDataTypeParameters>
</Attribute>
<Attribute name="id_funcionario1" id="C9354C45-39A8-B26F-B826-BFA2C508D9EA">
<createdBy>dlicinio</createdBy>
<createdTime>2021-05-25 23:16:07 UTC</createdTime>
<generatorID>A0ECA8AB-F787-A2D2-F672-F4C75AB744A3</generatorID>
<ownerDesignName>Magazine</ownerDesignName>
<engineerTo>
<item key="1B76025D-24D3-3A4F-533F-97864CB1A485" value="true"/>
</engineerTo>
<nullsAllowed>true</nullsAllowed>
<referedAttribute>EA7B5108-2444-D318-195C-202C789FB9D1</referedAttribute>
<useDomainConstraints>false</useDomainConstraints>
<use>1</use>
<logicalDatatype>LOGDT019</logicalDatatype>
<dataTypePrecision>30</dataTypePrecision>
<ownDataTypeParameters>,30,</ownDataTypeParameters>
</Attribute>
<Attribute name="id_cargo" id="9F3D0879-E84E-CD2B-F12B-560E38DDC408">
<createdBy>dlicinio</createdBy>
<createdTime>2021-05-25 23:17:24 UTC</createdTime>
<generatorID>5968DE5F-B64C-0753-15F5-33B3571DF947</generatorID>
<ownerDesignName>Magazine</ownerDesignName>
<engineerTo>
<item key="1B76025D-24D3-3A4F-533F-97864CB1A485" value="true"/>
</engineerTo>
<referedAttribute>9F684816-1F37-B573-F6EA-E71780876792</referedAttribute>
<useDomainConstraints>false</useDomainConstraints>
<use>1</use>
<logicalDatatype>LOGDT019</logicalDatatype>
<dataTypePrecision>30</dataTypePrecision>
<ownDataTypeParameters>,30,</ownDataTypeParameters>
</Attribute>
</attributes>
<identifiers itemClass="oracle.dbtools.crest.model.design.logical.CandidateKey">
<identifier id="1561463E-9B7C-2FAA-B16F-507A2C5DF0FE" name="FUNCIONÁRIOS PK">
<createdBy>dlicinio</createdBy>
<createdTime>2021-05-25 23:00:27 UTC</createdTime>
<ownerDesignName>Magazine</ownerDesignName>
<engineerTo>
<item key="1B76025D-24D3-3A4F-533F-97864CB1A485" value="true"/>
</engineerTo>
<pk>true</pk>
<usedAttributes>
<attributeRef>EA7B5108-2444-D318-195C-202C789FB9D1</attributeRef>
</usedAttributes>
</identifier>
</identifiers>
</Entity>