<?xml version = '1.0' encoding = 'UTF-8'?>
<Entity class="oracle.dbtools.crest.model.design.logical.Entity" directorySegmentName="seg_0" id="5167D896-99C1-C4FC-D33C-181044695431" name="PESSOA_JURIDICA">
<createdBy>dlicinio</createdBy>
<createdTime>2021-05-26 00:42:12 UTC</createdTime>
<ownerDesignName>Magazine</ownerDesignName>
<engineerTo>
<item key="1B76025D-24D3-3A4F-533F-97864CB1A485" value="true"/>
</engineerTo>
<adequatelyNormalized>NO</adequatelyNormalized>
<expectedVolumes>0</expectedVolumes>
<fwdEngineeringStrategyName>Single Table</fwdEngineeringStrategyName>
<growthPercent>0</growthPercent>
<growthType>Year</growthType>
<maxVolumes>9999999</maxVolumes>
<minVolumes>0</minVolumes>
<normalForm>Third</normalForm>
<attributes itemClass="oracle.dbtools.crest.model.design.logical.Attribute">
<Attribute name="cnpj" id="B71BFE00-E319-7609-DBDD-3CDC9971C008">
<createdBy>dlicinio</createdBy>
<createdTime>2021-05-26 00:42:22 UTC</createdTime>
<ownerDesignName>Magazine</ownerDesignName>
<engineerTo>
<item key="1B76025D-24D3-3A4F-533F-97864CB1A485" value="true"/>
</engineerTo>
<useDomainConstraints>false</useDomainConstraints>
<use>1</use>
<logicalDatatype>LOGDT019</logicalDatatype>
<dataTypePrecision>30</dataTypePrecision>
<ownDataTypeParameters>,30,</ownDataTypeParameters>
</Attribute>
<Attribute name="descricao_empresa" id="BB83F4D9-9DE4-D84E-71CF-423DFD176A49">
<createdBy>dlicinio</createdBy>
<createdTime>2021-05-26 00:42:38 UTC</createdTime>
<ownerDesignName>Magazine</ownerDesignName>
<engineerTo>
<item key="1B76025D-24D3-3A4F-533F-97864CB1A485" value="true"/>
</engineerTo>
<useDomainConstraints>false</useDomainConstraints>
<use>1</use>
<logicalDatatype>LOGDT024</logicalDatatype>
<dataTypeSize>50</dataTypeSize>
<ownDataTypeParameters>50,,</ownDataTypeParameters>
</Attribute>
<Attribute name="id_cliente" id="E8B946E2-3BF7-4A61-FC60-2F2049A32616">
<createdBy>dlicinio</createdBy>
<createdTime>2021-05-26 00:45:01 UTC</createdTime>
<generatorID>D0FB043F-BC0F-1FC6-54E6-565BC6C6EDA6</generatorID>
<ownerDesignName>Magazine</ownerDesignName>
<engineerTo>
<item key="1B76025D-24D3-3A4F-533F-97864CB1A485" value="true"/>
</engineerTo>
<referedAttribute>D9A74E02-F4D2-C31E-11EE-B81E437BDCB6</referedAttribute>
<useDomainConstraints>false</useDomainConstraints>
<use>1</use>
<logicalDatatype>LOGDT019</logicalDatatype>
<dataTypePrecision>20</dataTypePrecision>
<ownDataTypeParameters>,20,</ownDataTypeParameters>
</Attribute>
</attributes>
<identifiers itemClass="oracle.dbtools.crest.model.design.logical.CandidateKey">
<identifier id="8EFF0663-0A9C-0859-3E1D-589F46E5C7F6" name="PESSOA_JURIDICA PK">
<createdBy>dlicinio</createdBy>
<createdTime>2021-05-26 00:42:32 UTC</createdTime>
<ownerDesignName>Magazine</ownerDesignName>
<engineerTo>
<item key="1B76025D-24D3-3A4F-533F-97864CB1A485" value="true"/>
</engineerTo>
<pk>true</pk>
<usedAttributes>
<attributeRef>B71BFE00-E319-7609-DBDD-3CDC9971C008</attributeRef>
</usedAttributes>
</identifier>
</identifiers>
</Entity>