<?xml version = '1.0' encoding = 'UTF-8'?>
<Entity class="oracle.dbtools.crest.model.design.logical.Entity" directorySegmentName="seg_0" id="521DC5E9-48BA-4A99-1BAB-5D0E23776D8A" name="ENDERECO_CLIENTE">
<createdBy>dlicinio</createdBy>
<createdTime>2021-05-12 01:55:56 UTC</createdTime>
<ownerDesignName>Magazine</ownerDesignName>
<engineerTo>
<item key="1B76025D-24D3-3A4F-533F-97864CB1A485" value="true"/>
</engineerTo>
<adequatelyNormalized>NO</adequatelyNormalized>
<expectedVolumes>0</expectedVolumes>
<fwdEngineeringStrategyName>Single Table</fwdEngineeringStrategyName>
<growthPercent>0</growthPercent>
<growthType>Year</growthType>
<maxVolumes>9999999</maxVolumes>
<minVolumes>0</minVolumes>
<normalForm>Third</normalForm>
<attributes itemClass="oracle.dbtools.crest.model.design.logical.Attribute">
<Attribute name="cep" id="B45AEF3D-597A-84AC-D746-2A9A86CDA898">
<createdBy>dlicinio</createdBy>
<createdTime>2021-05-12 01:55:56 UTC</createdTime>
<ownerDesignName>Magazine</ownerDesignName>
<engineerTo>
<item key="1B76025D-24D3-3A4F-533F-97864CB1A485" value="true"/>
</engineerTo>
<useDomainConstraints>false</useDomainConstraints>
<use>1</use>
<logicalDatatype>LOGDT024</logicalDatatype>
<dataTypeSize>30</dataTypeSize>
<ownDataTypeParameters>30,,</ownDataTypeParameters>
</Attribute>
<Attribute name="rua" id="AE79D0A6-2794-522E-108D-5413CEA03A1E">
<createdBy>dlicinio</createdBy>
<createdTime>2021-05-12 01:55:56 UTC</createdTime>
<ownerDesignName>Magazine</ownerDesignName>
<engineerTo>
<item key="1B76025D-24D3-3A4F-533F-97864CB1A485" value="true"/>
</engineerTo>
<useDomainConstraints>false</useDomainConstraints>
<use>1</use>
<logicalDatatype>LOGDT024</logicalDatatype>
<dataTypeSize>100</dataTypeSize>
<ownDataTypeParameters>100,,</ownDataTypeParameters>
</Attribute>
<Attribute name="numero" id="2F5B7010-5ABD-6D7A-9517-D2CD92D19129">
<createdBy>dlicinio</createdBy>
<createdTime>2021-05-12 01:55:56 UTC</createdTime>
<ownerDesignName>Magazine</ownerDesignName>
<engineerTo>
<item key="1B76025D-24D3-3A4F-533F-97864CB1A485" value="true"/>
</engineerTo>
<useDomainConstraints>false</useDomainConstraints>
<use>1</use>
<logicalDatatype>LOGDT019</logicalDatatype>
<dataTypePrecision>20</dataTypePrecision>
<ownDataTypeParameters>,20,</ownDataTypeParameters>
</Attribute>
<Attribute name="complemento" id="E4A8E194-501A-9EC7-AF85-369459C1CDA9">
<createdBy>dlicinio</createdBy>
<createdTime>2021-05-12 01:55:56 UTC</createdTime>
<ownerDesignName>Magazine</ownerDesignName>
<engineerTo>
<item key="1B76025D-24D3-3A4F-533F-97864CB1A485" value="true"/>
</engineerTo>
<useDomainConstraints>false</useDomainConstraints>
<use>1</use>
<logicalDatatype>LOGDT024</logicalDatatype>
<dataTypeSize>20</dataTypeSize>
<ownDataTypeParameters>20,,</ownDataTypeParameters>
</Attribute>
<Attribute name="bairro" id="30E5A1C1-5FA5-280B-F83C-1A774988CF4F">
<createdBy>dlicinio</createdBy>
<createdTime>2021-05-12 01:55:56 UTC</createdTime>
<ownerDesignName>Magazine</ownerDesignName>
<engineerTo>
<item key="1B76025D-24D3-3A4F-533F-97864CB1A485" value="true"/>
</engineerTo>
<useDomainConstraints>false</useDomainConstraints>
<use>1</use>
<logicalDatatype>LOGDT024</logicalDatatype>
<dataTypeSize>50</dataTypeSize>
<ownDataTypeParameters>50,,</ownDataTypeParameters>
</Attribute>
<Attribute name="cidade" id="E1CF42C4-CEB0-5474-E821-B79E8A214A79">
<createdBy>dlicinio</createdBy>
<createdTime>2021-05-12 01:55:56 UTC</createdTime>
<ownerDesignName>Magazine</ownerDesignName>
<engineerTo>
<item key="1B76025D-24D3-3A4F-533F-97864CB1A485" value="true"/>
</engineerTo>
<useDomainConstraints>false</useDomainConstraints>
<use>1</use>
<logicalDatatype>LOGDT024</logicalDatatype>
<dataTypeSize>50</dataTypeSize>
<ownDataTypeParameters>50,,</ownDataTypeParameters>
</Attribute>
<Attribute name="estado" id="C7D7114B-3410-9004-1621-D1A6CEA80FE7">
<createdBy>dlicinio</createdBy>
<createdTime>2021-05-12 01:55:56 UTC</createdTime>
<ownerDesignName>Magazine</ownerDesignName>
<engineerTo>
<item key="1B76025D-24D3-3A4F-533F-97864CB1A485" value="true"/>
</engineerTo>
<useDomainConstraints>false</useDomainConstraints>
<use>1</use>
<logicalDatatype>LOGDT024</logicalDatatype>
<dataTypeSize>50</dataTypeSize>
<ownDataTypeParameters>50,,</ownDataTypeParameters>
</Attribute>
<Attribute name="id_tipo_endereco" id="01144A92-5408-A54E-9AA6-A8C1FD089F89">
<createdBy>dlicinio</createdBy>
<createdTime>2021-05-12 01:55:56 UTC</createdTime>
<generatorID>F9675E74-8137-8E3A-A85D-1951893E9729</generatorID>
<ownerDesignName>Magazine</ownerDesignName>
<engineerTo>
<item key="1B76025D-24D3-3A4F-533F-97864CB1A485" value="true"/>
</engineerTo>
<useDomainConstraints>false</useDomainConstraints>
<use>1</use>
<logicalDatatype>LOGDT019</logicalDatatype>
<dataTypePrecision>50</dataTypePrecision>
<ownDataTypeParameters>,50,</ownDataTypeParameters>
</Attribute>
<Attribute name="id_cliente" id="16084077-FA27-151C-581B-D9E9A60569EE">
<createdBy>dlicinio</createdBy>
<createdTime>2021-05-12 01:55:56 UTC</createdTime>
<generatorID>33263C5C-2419-DF73-FE08-AAE52E901ABE</generatorID>
<ownerDesignName>Magazine</ownerDesignName>
<engineerTo>
<item key="1B76025D-24D3-3A4F-533F-97864CB1A485" value="true"/>
</engineerTo>
<useDomainConstraints>false</useDomainConstraints>
<use>1</use>
<logicalDatatype>LOGDT019</logicalDatatype>
<dataTypePrecision>20</dataTypePrecision>
<ownDataTypeParameters>,20,</ownDataTypeParameters>
</Attribute>
<Attribute name="id_cliente1" id="95C66A3F-DC5A-3A7F-8B0E-7DA8D67AD116">
<createdBy>dlicinio</createdBy>
<createdTime>2021-05-12 02:01:03 UTC</createdTime>
<generatorID>05B8D245-8A90-DF2C-0A37-DE042FB4C143</generatorID>
<ownerDesignName>Magazine</ownerDesignName>
<engineerTo>
<item key="1B76025D-24D3-3A4F-533F-97864CB1A485" value="true"/>
</engineerTo>
<referedAttribute>D9A74E02-F4D2-C31E-11EE-B81E437BDCB6</referedAttribute>
<useDomainConstraints>false</useDomainConstraints>
<use>1</use>
<logicalDatatype>LOGDT019</logicalDatatype>
<dataTypePrecision>20</dataTypePrecision>
<ownDataTypeParameters>,20,</ownDataTypeParameters>
</Attribute>
</attributes>
<identifiers itemClass="oracle.dbtools.crest.model.design.logical.CandidateKey">
<identifier id="8D2F5D3A-87A4-BC0D-71C2-390C5A7C7A0A" name="ENDERECO PK">
<createdBy>dlicinio</createdBy>
<createdTime>2021-05-12 01:55:56 UTC</createdTime>
<ownerDesignName>Magazine</ownerDesignName>
<engineerTo>
<item key="1B76025D-24D3-3A4F-533F-97864CB1A485" value="true"/>
</engineerTo>
<pk>true</pk>
<usedAttributes>
<attributeRef>B45AEF3D-597A-84AC-D746-2A9A86CDA898</attributeRef>
</usedAttributes>
</identifier>
</identifiers>
</Entity>