<?xml version = '1.0' encoding = 'UTF-8'?>
<Entity class="oracle.dbtools.crest.model.design.logical.Entity" directorySegmentName="seg_0" id="582572BC-2D55-EA44-967C-C3BFBCC75E29" name="ESTOQUE">
<createdBy>dlicinio</createdBy>
<createdTime>2021-05-12 02:14:56 UTC</createdTime>
<ownerDesignName>Magazine</ownerDesignName>
<engineerTo>
<item key="1B76025D-24D3-3A4F-533F-97864CB1A485" value="true"/>
</engineerTo>
<adequatelyNormalized>NO</adequatelyNormalized>
<expectedVolumes>0</expectedVolumes>
<fwdEngineeringStrategyName>Single Table</fwdEngineeringStrategyName>
<growthPercent>0</growthPercent>
<growthType>Year</growthType>
<maxVolumes>9999999</maxVolumes>
<minVolumes>0</minVolumes>
<normalForm>Third</normalForm>
<attributes itemClass="oracle.dbtools.crest.model.design.logical.Attribute">
<Attribute name="id_loja" id="A5DAD387-5CBB-41C5-793E-A9FB26583041">
<createdBy>dlicinio</createdBy>
<createdTime>2021-05-25 23:45:24 UTC</createdTime>
<generatorID>63337363-85FE-005A-DB7B-A3FE614AE20F</generatorID>
<ownerDesignName>Magazine</ownerDesignName>
<engineerTo>
<item key="1B76025D-24D3-3A4F-533F-97864CB1A485" value="true"/>
</engineerTo>
<referedAttribute>3A706B46-372A-F8E2-6D8F-35CAFCE39D3E</referedAttribute>
<useDomainConstraints>false</useDomainConstraints>
<use>1</use>
<logicalDatatype>LOGDT019</logicalDatatype>
<dataTypePrecision>30</dataTypePrecision>
<ownDataTypeParameters>,30,</ownDataTypeParameters>
</Attribute>
<Attribute name="id_produto" id="B1F0C857-7B83-4B47-8656-9C5CC6442F55">
<createdBy>dlicinio</createdBy>
<createdTime>2021-05-25 23:52:01 UTC</createdTime>
<generatorID>1D90C2C8-CE16-B019-0E32-16A8F95F7E69</generatorID>
<ownerDesignName>Magazine</ownerDesignName>
<engineerTo>
<item key="1B76025D-24D3-3A4F-533F-97864CB1A485" value="true"/>
</engineerTo>
<referedAttribute>7712C3BB-E96C-D634-1703-9A158828B38D</referedAttribute>
<useDomainConstraints>false</useDomainConstraints>
<use>1</use>
<logicalDatatype>LOGDT019</logicalDatatype>
<dataTypePrecision>20</dataTypePrecision>
<ownDataTypeParameters>,20,</ownDataTypeParameters>
</Attribute>
<Attribute name="quantidade" id="9BAE1600-FE6C-7912-A600-6AD2D47A69E7">
<createdBy>dlicinio</createdBy>
<createdTime>2021-05-25 23:44:35 UTC</createdTime>
<ownerDesignName>Magazine</ownerDesignName>
<engineerTo>
<item key="1B76025D-24D3-3A4F-533F-97864CB1A485" value="true"/>
</engineerTo>
<useDomainConstraints>false</useDomainConstraints>
<use>1</use>
<logicalDatatype>LOGDT019</logicalDatatype>
<dataTypePrecision>100</dataTypePrecision>
<ownDataTypeParameters>,100,</ownDataTypeParameters>
</Attribute>
</attributes>
</Entity>