<?xml version = '1.0' encoding = 'UTF-8'?>
<Entity class="oracle.dbtools.crest.model.design.logical.Entity" directorySegmentName="seg_0" id="7E099ABE-D7BA-E173-541A-402A8A6E4AF3" name="LOJA">
<createdBy>dlicinio</createdBy>
<createdTime>2021-05-12 00:36:51 UTC</createdTime>
<ownerDesignName>Magazine</ownerDesignName>
<engineerTo>
<item key="1B76025D-24D3-3A4F-533F-97864CB1A485" value="true"/>
</engineerTo>
<adequatelyNormalized>NO</adequatelyNormalized>
<expectedVolumes>0</expectedVolumes>
<fwdEngineeringStrategyName>Single Table</fwdEngineeringStrategyName>
<growthPercent>0</growthPercent>
<growthType>Year</growthType>
<maxVolumes>9999999</maxVolumes>
<minVolumes>0</minVolumes>
<normalForm>Third</normalForm>
<attributes itemClass="oracle.dbtools.crest.model.design.logical.Attribute">
<Attribute name="id_loja" id="3A706B46-372A-F8E2-6D8F-35CAFCE39D3E">
<createdBy>dlicinio</createdBy>
<createdTime>2021-05-12 00:36:59 UTC</createdTime>
<ownerDesignName>Magazine</ownerDesignName>
<engineerTo>
<item key="1B76025D-24D3-3A4F-533F-97864CB1A485" value="true"/>
</engineerTo>
<useDomainConstraints>false</useDomainConstraints>
<use>1</use>
<logicalDatatype>LOGDT019</logicalDatatype>
<dataTypePrecision>30</dataTypePrecision>
<ownDataTypeParameters>,30,</ownDataTypeParameters>
</Attribute>
<Attribute name="ds_loja" id="E05B229E-F9C3-A35D-55EF-9F7695E9D1F5">
<createdBy>dlicinio</createdBy>
<createdTime>2021-05-12 00:37:11 UTC</createdTime>
<ownerDesignName>Magazine</ownerDesignName>
<engineerTo>
<item key="1B76025D-24D3-3A4F-533F-97864CB1A485" value="true"/>
</engineerTo>
<useDomainConstraints>false</useDomainConstraints>
<use>1</use>
<logicalDatatype>LOGDT024</logicalDatatype>
<dataTypeSize>50</dataTypeSize>
<ownDataTypeParameters>50,,</ownDataTypeParameters>
</Attribute>
<Attribute name="id_tipo_loja" id="C31D6B8B-3A88-906E-4F49-E9B98626F62C">
<createdBy>dlicinio</createdBy>
<createdTime>2021-05-12 00:49:15 UTC</createdTime>
<generatorID>CFFEFD68-7A26-D203-A565-5420FF1385D7</generatorID>
<ownerDesignName>Magazine</ownerDesignName>
<engineerTo>
<item key="1B76025D-24D3-3A4F-533F-97864CB1A485" value="true"/>
</engineerTo>
<referedAttribute>7F64970A-999F-8F3E-BD74-CB76C33C82B2</referedAttribute>
<useDomainConstraints>false</useDomainConstraints>
<use>1</use>
<logicalDatatype>LOGDT019</logicalDatatype>
<dataTypePrecision>30</dataTypePrecision>
<ownDataTypeParameters>,30,</ownDataTypeParameters>
</Attribute>
</attributes>
<identifiers itemClass="oracle.dbtools.crest.model.design.logical.CandidateKey">
<identifier id="0AC00C7A-CC4D-AB5D-F512-26D1CABE972B" name="LOJA PK">
<createdBy>dlicinio</createdBy>
<createdTime>2021-05-12 00:37:09 UTC</createdTime>
<ownerDesignName>Magazine</ownerDesignName>
<engineerTo>
<item key="1B76025D-24D3-3A4F-533F-97864CB1A485" value="true"/>
</engineerTo>
<pk>true</pk>
<usedAttributes>
<attributeRef>3A706B46-372A-F8E2-6D8F-35CAFCE39D3E</attributeRef>
</usedAttributes>
</identifier>
</identifiers>
</Entity>