<?xml version = '1.0' encoding = 'UTF-8'?>
<Entity class="oracle.dbtools.crest.model.design.logical.Entity" directorySegmentName="seg_0" id="AA804D39-F466-C661-4AE9-00028FF76359" name="DEVOLUCAO_PEDIDO">
<createdBy>dlicinio</createdBy>
<createdTime>2021-05-26 00:56:20 UTC</createdTime>
<ownerDesignName>Magazine</ownerDesignName>
<engineerTo>
<item key="1B76025D-24D3-3A4F-533F-97864CB1A485" value="true"/>
</engineerTo>
<adequatelyNormalized>NO</adequatelyNormalized>
<expectedVolumes>0</expectedVolumes>
<fwdEngineeringStrategyName>Single Table</fwdEngineeringStrategyName>
<growthPercent>0</growthPercent>
<growthType>Year</growthType>
<maxVolumes>9999999</maxVolumes>
<minVolumes>0</minVolumes>
<normalForm>Third</normalForm>
<attributes itemClass="oracle.dbtools.crest.model.design.logical.Attribute">
<Attribute name="id_pedido" id="61FB8D50-9CAA-6B85-87B1-502BBBF80FB1">
<createdBy>dlicinio</createdBy>
<createdTime>2021-05-26 01:02:41 UTC</createdTime>
<generatorID>7EE2E96B-5F3F-D85F-CFE8-89BE2317073C</generatorID>
<ownerDesignName>Magazine</ownerDesignName>
<engineerTo>
<item key="1B76025D-24D3-3A4F-533F-97864CB1A485" value="true"/>
</engineerTo>
<referedAttribute>82D34782-65C3-FB74-2BF6-279D87A23733</referedAttribute>
<useDomainConstraints>false</useDomainConstraints>
<use>1</use>
<logicalDatatype>LOGDT019</logicalDatatype>
<dataTypePrecision>30</dataTypePrecision>
<ownDataTypeParameters>,30,</ownDataTypeParameters>
</Attribute>
<Attribute name="cpf" id="8CF8B4A4-2983-9C5E-1C4D-555A525D1A22">
<createdBy>dlicinio</createdBy>
<createdTime>2021-05-26 01:03:31 UTC</createdTime>
<generatorID>33E18370-F89B-72E8-EFC5-42DFC18C17D3</generatorID>
<ownerDesignName>Magazine</ownerDesignName>
<engineerTo>
<item key="1B76025D-24D3-3A4F-533F-97864CB1A485" value="true"/>
</engineerTo>
<referedAttribute>79876D35-3176-BAEF-37BA-C72B6751DA00</referedAttribute>
<useDomainConstraints>false</useDomainConstraints>
<use>1</use>
<logicalDatatype>LOGDT019</logicalDatatype>
<dataTypePrecision>30</dataTypePrecision>
<ownDataTypeParameters>,30,</ownDataTypeParameters>
</Attribute>
<Attribute name="data_devolucao" id="54C1CD11-EA39-E9DD-EA89-6E6C8BFD3F3D">
<createdBy>dlicinio</createdBy>
<createdTime>2021-05-26 01:06:17 UTC</createdTime>
<ownerDesignName>Magazine</ownerDesignName>
<engineerTo>
<item key="1B76025D-24D3-3A4F-533F-97864CB1A485" value="true"/>
</engineerTo>
<useDomainConstraints>false</useDomainConstraints>
<use>1</use>
<logicalDatatype>LOGDT007</logicalDatatype>
<ownDataTypeParameters>,,</ownDataTypeParameters>
</Attribute>
</attributes>
</Entity>