<?xml version = '1.0' encoding = 'UTF-8'?>
<Entity class="oracle.dbtools.crest.model.design.logical.Entity" directorySegmentName="seg_0" id="B973B636-91ED-B373-1BD5-9411CC48818D" name="TELEFONE_CLIENTE">
<createdBy>dlicinio</createdBy>
<createdTime>2021-05-12 02:00:23 UTC</createdTime>
<ownerDesignName>Magazine</ownerDesignName>
<engineerTo>
<item key="1B76025D-24D3-3A4F-533F-97864CB1A485" value="true"/>
</engineerTo>
<adequatelyNormalized>NO</adequatelyNormalized>
<expectedVolumes>0</expectedVolumes>
<fwdEngineeringStrategyName>Single Table</fwdEngineeringStrategyName>
<growthPercent>0</growthPercent>
<growthType>Year</growthType>
<maxVolumes>9999999</maxVolumes>
<minVolumes>0</minVolumes>
<normalForm>Third</normalForm>
<attributes itemClass="oracle.dbtools.crest.model.design.logical.Attribute">
<Attribute name="numero_telefone" id="4017ADF0-B846-A8B6-57E5-FE743EE8AC08">
<createdBy>dlicinio</createdBy>
<createdTime>2021-05-12 02:00:23 UTC</createdTime>
<ownerDesignName>Magazine</ownerDesignName>
<engineerTo>
<item key="1B76025D-24D3-3A4F-533F-97864CB1A485" value="true"/>
</engineerTo>
<useDomainConstraints>false</useDomainConstraints>
<use>1</use>
<logicalDatatype>LOGDT019</logicalDatatype>
<dataTypePrecision>50</dataTypePrecision>
<ownDataTypeParameters>,50,</ownDataTypeParameters>
</Attribute>
<Attribute name="id_loja" id="DEB6D0A9-88D9-1F4F-FE61-F3CFCC56BEEA">
<createdBy>dlicinio</createdBy>
<createdTime>2021-05-12 02:00:23 UTC</createdTime>
<generatorID>090E1842-5AD0-81CF-432D-5C9882AF6FE4</generatorID>
<ownerDesignName>Magazine</ownerDesignName>
<engineerTo>
<item key="1B76025D-24D3-3A4F-533F-97864CB1A485" value="true"/>
</engineerTo>
<useDomainConstraints>false</useDomainConstraints>
<use>1</use>
<logicalDatatype>LOGDT019</logicalDatatype>
<dataTypePrecision>30</dataTypePrecision>
<ownDataTypeParameters>,30,</ownDataTypeParameters>
</Attribute>
</attributes>
<identifiers itemClass="oracle.dbtools.crest.model.design.logical.CandidateKey">
<identifier id="B605A5DC-DC02-CC19-9381-50338B8A633F" name="TELEFONE PK">
<createdBy>dlicinio</createdBy>
<createdTime>2021-05-12 02:00:23 UTC</createdTime>
<ownerDesignName>Magazine</ownerDesignName>
<engineerTo>
<item key="1B76025D-24D3-3A4F-533F-97864CB1A485" value="true"/>
</engineerTo>
<pk>true</pk>
<usedAttributes>
<attributeRef>4017ADF0-B846-A8B6-57E5-FE743EE8AC08</attributeRef>
</usedAttributes>
</identifier>
</identifiers>
</Entity>