<?xml version = '1.0' encoding = 'UTF-8'?>
<Entity class="oracle.dbtools.crest.model.design.logical.Entity" directorySegmentName="seg_0" id="BBCF99E2-BAB2-1963-6AFB-F8A792D5B6ED" name="TIPO_TELEFONE_CLIENTE">
<createdBy>dlicinio</createdBy>
<createdTime>2021-05-12 02:00:34 UTC</createdTime>
<ownerDesignName>Magazine</ownerDesignName>
<engineerTo>
<item key="1B76025D-24D3-3A4F-533F-97864CB1A485" value="true"/>
</engineerTo>
<adequatelyNormalized>NO</adequatelyNormalized>
<expectedVolumes>0</expectedVolumes>
<fwdEngineeringStrategyName>Single Table</fwdEngineeringStrategyName>
<growthPercent>0</growthPercent>
<growthType>Year</growthType>
<maxVolumes>9999999</maxVolumes>
<minVolumes>0</minVolumes>
<normalForm>Third</normalForm>
<attributes itemClass="oracle.dbtools.crest.model.design.logical.Attribute">
<Attribute name="id_tipo_telefone" id="E3025F59-525F-8696-EB24-7B90BC784D12">
<createdBy>dlicinio</createdBy>
<createdTime>2021-05-12 02:00:34 UTC</createdTime>
<ownerDesignName>Magazine</ownerDesignName>
<engineerTo>
<item key="1B76025D-24D3-3A4F-533F-97864CB1A485" value="true"/>
</engineerTo>
<useDomainConstraints>false</useDomainConstraints>
<use>1</use>
<logicalDatatype>LOGDT019</logicalDatatype>
<dataTypePrecision>30</dataTypePrecision>
<ownDataTypeParameters>,30,</ownDataTypeParameters>
</Attribute>
<Attribute name="ds_tipo_telefone" id="B96616DF-902D-4FEA-E521-896DE32A58E4">
<createdBy>dlicinio</createdBy>
<createdTime>2021-05-12 02:00:34 UTC</createdTime>
<ownerDesignName>Magazine</ownerDesignName>
<engineerTo>
<item key="1B76025D-24D3-3A4F-533F-97864CB1A485" value="true"/>
</engineerTo>
<useDomainConstraints>false</useDomainConstraints>
<use>1</use>
<logicalDatatype>LOGDT024</logicalDatatype>
<dataTypeSize>50</dataTypeSize>
<ownDataTypeParameters>50,,</ownDataTypeParameters>
</Attribute>
<Attribute name="numero_telefone" id="76285F6C-A14F-CA2B-3F80-AA4F8C0D6CEC">
<createdBy>dlicinio</createdBy>
<createdTime>2021-05-12 02:00:34 UTC</createdTime>
<generatorID>916D05C4-C4E9-C14F-908B-0181460866F1</generatorID>
<ownerDesignName>Magazine</ownerDesignName>
<engineerTo>
<item key="1B76025D-24D3-3A4F-533F-97864CB1A485" value="true"/>
</engineerTo>
<useDomainConstraints>false</useDomainConstraints>
<use>1</use>
<logicalDatatype>LOGDT019</logicalDatatype>
<dataTypePrecision>50</dataTypePrecision>
<ownDataTypeParameters>,50,</ownDataTypeParameters>
</Attribute>
<Attribute name="numero_telefone1" id="7329ED54-C4E4-782A-586E-48FDA1318F7E">
<createdBy>dlicinio</createdBy>
<createdTime>2021-05-12 02:00:53 UTC</createdTime>
<generatorID>83969015-810B-C932-5840-E20C91268797</generatorID>
<ownerDesignName>Magazine</ownerDesignName>
<engineerTo>
<item key="1B76025D-24D3-3A4F-533F-97864CB1A485" value="true"/>
</engineerTo>
<referedAttribute>4017ADF0-B846-A8B6-57E5-FE743EE8AC08</referedAttribute>
<useDomainConstraints>false</useDomainConstraints>
<use>1</use>
<logicalDatatype>LOGDT019</logicalDatatype>
<dataTypePrecision>50</dataTypePrecision>
<ownDataTypeParameters>,50,</ownDataTypeParameters>
</Attribute>
<Attribute name="id_cliente" id="956FF01A-56B5-36AA-6000-3A3755BFB612">
<createdBy>dlicinio</createdBy>
<createdTime>2021-05-25 22:59:46 UTC</createdTime>
<generatorID>6B0D8B1F-21F1-92B1-2729-17E018DD8D3F</generatorID>
<ownerDesignName>Magazine</ownerDesignName>
<engineerTo>
<item key="1B76025D-24D3-3A4F-533F-97864CB1A485" value="true"/>
</engineerTo>
<referedAttribute>D9A74E02-F4D2-C31E-11EE-B81E437BDCB6</referedAttribute>
<useDomainConstraints>false</useDomainConstraints>
<use>1</use>
<logicalDatatype>LOGDT019</logicalDatatype>
<dataTypePrecision>20</dataTypePrecision>
<ownDataTypeParameters>,20,</ownDataTypeParameters>
</Attribute>
</attributes>
<identifiers itemClass="oracle.dbtools.crest.model.design.logical.CandidateKey">
<identifier id="F0D91B61-1F55-DF90-8506-6453FB6453C6" name="TIPO_TELEFONE PK">
<createdBy>dlicinio</createdBy>
<createdTime>2021-05-12 02:00:34 UTC</createdTime>
<ownerDesignName>Magazine</ownerDesignName>
<engineerTo>
<item key="1B76025D-24D3-3A4F-533F-97864CB1A485" value="true"/>
</engineerTo>
<pk>true</pk>
<usedAttributes>
<attributeRef>E3025F59-525F-8696-EB24-7B90BC784D12</attributeRef>
</usedAttributes>
</identifier>
</identifiers>
</Entity>