<?xml version = '1.0' encoding = 'UTF-8'?>
<Entity class="oracle.dbtools.crest.model.design.logical.Entity" directorySegmentName="seg_0" id="C0886B74-71A6-E277-F0FD-4DAD269A15F2" name="TELEFONE_LOJA">
<createdBy>dlicinio</createdBy>
<createdTime>2021-05-12 00:35:21 UTC</createdTime>
<ownerDesignName>Magazine</ownerDesignName>
<engineerTo>
<item key="1B76025D-24D3-3A4F-533F-97864CB1A485" value="true"/>
</engineerTo>
<adequatelyNormalized>NO</adequatelyNormalized>
<expectedVolumes>0</expectedVolumes>
<fwdEngineeringStrategyName>Single Table</fwdEngineeringStrategyName>
<growthPercent>0</growthPercent>
<growthType>Year</growthType>
<maxVolumes>9999999</maxVolumes>
<minVolumes>0</minVolumes>
<normalForm>Third</normalForm>
<attributes itemClass="oracle.dbtools.crest.model.design.logical.Attribute">
<Attribute name="numero_telefone" id="C360CEF2-67C6-D231-C8C1-6AAFE8DE9BB8">
<createdBy>dlicinio</createdBy>
<createdTime>2021-05-12 00:35:29 UTC</createdTime>
<ownerDesignName>Magazine</ownerDesignName>
<engineerTo>
<item key="1B76025D-24D3-3A4F-533F-97864CB1A485" value="true"/>
</engineerTo>
<useDomainConstraints>false</useDomainConstraints>
<use>1</use>
<logicalDatatype>LOGDT019</logicalDatatype>
<dataTypePrecision>50</dataTypePrecision>
<ownDataTypeParameters>,50,</ownDataTypeParameters>
</Attribute>
<Attribute name="id_loja" id="E4320711-6685-5DF1-05CA-319BA52CD637">
<createdBy>dlicinio</createdBy>
<createdTime>2021-05-12 01:59:13 UTC</createdTime>
<generatorID>090E1842-5AD0-81CF-432D-5C9882AF6FE4</generatorID>
<ownerDesignName>Magazine</ownerDesignName>
<engineerTo>
<item key="1B76025D-24D3-3A4F-533F-97864CB1A485" value="true"/>
</engineerTo>
<referedAttribute>3A706B46-372A-F8E2-6D8F-35CAFCE39D3E</referedAttribute>
<useDomainConstraints>false</useDomainConstraints>
<use>1</use>
<logicalDatatype>LOGDT019</logicalDatatype>
<dataTypePrecision>30</dataTypePrecision>
<ownDataTypeParameters>,30,</ownDataTypeParameters>
</Attribute>
</attributes>
<identifiers itemClass="oracle.dbtools.crest.model.design.logical.CandidateKey">
<identifier id="15D95A84-A78F-2B9B-B83B-67CBDF42A1E0" name="TELEFONE PK">
<createdBy>dlicinio</createdBy>
<createdTime>2021-05-12 00:35:46 UTC</createdTime>
<ownerDesignName>Magazine</ownerDesignName>
<engineerTo>
<item key="1B76025D-24D3-3A4F-533F-97864CB1A485" value="true"/>
</engineerTo>
<pk>true</pk>
<usedAttributes>
<attributeRef>C360CEF2-67C6-D231-C8C1-6AAFE8DE9BB8</attributeRef>
</usedAttributes>
</identifier>
</identifiers>
</Entity>