<?xml version = '1.0' encoding = 'UTF-8'?>
<Entity class="oracle.dbtools.crest.model.design.logical.Entity" directorySegmentName="seg_0" id="C77B754C-AADB-8C6E-DD21-4BC4157FDF1D" name="TIPO_TELEFONE_LOJA">
<createdBy>dlicinio</createdBy>
<createdTime>2021-05-12 00:35:53 UTC</createdTime>
<ownerDesignName>Magazine</ownerDesignName>
<engineerTo>
<item key="1B76025D-24D3-3A4F-533F-97864CB1A485" value="true"/>
</engineerTo>
<adequatelyNormalized>NO</adequatelyNormalized>
<expectedVolumes>0</expectedVolumes>
<fwdEngineeringStrategyName>Single Table</fwdEngineeringStrategyName>
<growthPercent>0</growthPercent>
<growthType>Year</growthType>
<maxVolumes>9999999</maxVolumes>
<minVolumes>0</minVolumes>
<normalForm>Third</normalForm>
<attributes itemClass="oracle.dbtools.crest.model.design.logical.Attribute">
<Attribute name="id_tipo_telefone" id="0DF529E9-E30B-60B1-33A1-694E785B3C1E">
<createdBy>dlicinio</createdBy>
<createdTime>2021-05-12 00:36:01 UTC</createdTime>
<ownerDesignName>Magazine</ownerDesignName>
<engineerTo>
<item key="1B76025D-24D3-3A4F-533F-97864CB1A485" value="true"/>
</engineerTo>
<useDomainConstraints>false</useDomainConstraints>
<use>1</use>
<logicalDatatype>LOGDT019</logicalDatatype>
<dataTypePrecision>30</dataTypePrecision>
<ownDataTypeParameters>,30,</ownDataTypeParameters>
</Attribute>
<Attribute name="ds_tipo_telefone" id="A1752D29-BC6F-B512-4B5A-FF486F998EC9">
<createdBy>dlicinio</createdBy>
<createdTime>2021-05-12 00:36:24 UTC</createdTime>
<ownerDesignName>Magazine</ownerDesignName>
<engineerTo>
<item key="1B76025D-24D3-3A4F-533F-97864CB1A485" value="true"/>
</engineerTo>
<useDomainConstraints>false</useDomainConstraints>
<use>1</use>
<logicalDatatype>LOGDT024</logicalDatatype>
<dataTypeSize>50</dataTypeSize>
<ownDataTypeParameters>50,,</ownDataTypeParameters>
</Attribute>
<Attribute name="numero_telefone" id="2903C4FE-F8DB-FE68-A9FB-6E14E918A9F0">
<createdBy>dlicinio</createdBy>
<createdTime>2021-05-12 01:59:50 UTC</createdTime>
<generatorID>916D05C4-C4E9-C14F-908B-0181460866F1</generatorID>
<ownerDesignName>Magazine</ownerDesignName>
<engineerTo>
<item key="1B76025D-24D3-3A4F-533F-97864CB1A485" value="true"/>
</engineerTo>
<referedAttribute>C360CEF2-67C6-D231-C8C1-6AAFE8DE9BB8</referedAttribute>
<useDomainConstraints>false</useDomainConstraints>
<use>1</use>
<logicalDatatype>LOGDT019</logicalDatatype>
<dataTypePrecision>50</dataTypePrecision>
<ownDataTypeParameters>,50,</ownDataTypeParameters>
</Attribute>
</attributes>
<identifiers itemClass="oracle.dbtools.crest.model.design.logical.CandidateKey">
<identifier id="B60D77A4-9736-4BCE-B754-AC38F967C32C" name="TIPO_TELEFONE PK">
<createdBy>dlicinio</createdBy>
<createdTime>2021-05-12 00:36:15 UTC</createdTime>
<ownerDesignName>Magazine</ownerDesignName>
<engineerTo>
<item key="1B76025D-24D3-3A4F-533F-97864CB1A485" value="true"/>
</engineerTo>
<pk>true</pk>
<usedAttributes>
<attributeRef>0DF529E9-E30B-60B1-33A1-694E785B3C1E</attributeRef>
</usedAttributes>
</identifier>
</identifiers>
</Entity>