<?xml version = '1.0' encoding = 'UTF-8'?>
<Entity class="oracle.dbtools.crest.model.design.logical.Entity" directorySegmentName="seg_0" id="C932F201-AC6C-E78F-52BC-FCFF529A445D" name="PRODUTO">
<createdBy>dlicinio</createdBy>
<createdTime>2021-05-11 23:24:19 UTC</createdTime>
<ownerDesignName>Magazine</ownerDesignName>
<engineerTo>
<item key="1B76025D-24D3-3A4F-533F-97864CB1A485" value="true"/>
</engineerTo>
<adequatelyNormalized>NO</adequatelyNormalized>
<expectedVolumes>0</expectedVolumes>
<fwdEngineeringStrategyName>Single Table</fwdEngineeringStrategyName>
<growthPercent>0</growthPercent>
<growthType>Year</growthType>
<maxVolumes>9999999</maxVolumes>
<minVolumes>0</minVolumes>
<normalForm>Third</normalForm>
<attributes itemClass="oracle.dbtools.crest.model.design.logical.Attribute">
<Attribute name="id_produto" id="7712C3BB-E96C-D634-1703-9A158828B38D">
<createdBy>dlicinio</createdBy>
<createdTime>2021-05-11 23:27:25 UTC</createdTime>
<ownerDesignName>Magazine</ownerDesignName>
<engineerTo>
<item key="1B76025D-24D3-3A4F-533F-97864CB1A485" value="true"/>
</engineerTo>
<useDomainConstraints>false</useDomainConstraints>
<use>1</use>
<logicalDatatype>LOGDT019</logicalDatatype>
<dataTypePrecision>20</dataTypePrecision>
<ownDataTypeParameters>,20,</ownDataTypeParameters>
</Attribute>
<Attribute name="valor_unitario" id="B2C7D225-7502-6C40-BB33-0DD4D2AF91C7">
<createdBy>dlicinio</createdBy>
<createdTime>2021-05-12 02:26:54 UTC</createdTime>
<ownerDesignName>Magazine</ownerDesignName>
<engineerTo>
<item key="1B76025D-24D3-3A4F-533F-97864CB1A485" value="true"/>
</engineerTo>
<useDomainConstraints>false</useDomainConstraints>
<use>1</use>
<logicalDatatype>LOGDT019</logicalDatatype>
<dataTypePrecision>50</dataTypePrecision>
<ownDataTypeParameters>,50,</ownDataTypeParameters>
</Attribute>
<Attribute name="id_tamanho" id="0B5BED2B-7730-68EB-1FFC-DDBB02F4CC65">
<createdBy>dlicinio</createdBy>
<createdTime>2021-05-25 22:55:03 UTC</createdTime>
<generatorID>D0E5C2F4-3F69-C680-8A33-5EC8A784DC44</generatorID>
<ownerDesignName>Magazine</ownerDesignName>
<engineerTo>
<item key="1B76025D-24D3-3A4F-533F-97864CB1A485" value="true"/>
</engineerTo>
<referedAttribute>EEC5782E-A777-A947-BEA5-4AFB07639BCC</referedAttribute>
<useDomainConstraints>false</useDomainConstraints>
<use>1</use>
<logicalDatatype>LOGDT019</logicalDatatype>
<dataTypePrecision>20</dataTypePrecision>
<ownDataTypeParameters>,20,</ownDataTypeParameters>
</Attribute>
<Attribute name="id_genero" id="C6CB0ACD-FD04-25FC-A090-0BBC54B7767D">
<createdBy>dlicinio</createdBy>
<createdTime>2021-05-25 22:55:50 UTC</createdTime>
<generatorID>A717AA8B-3459-C9A8-C6DC-E1562A3F04E9</generatorID>
<ownerDesignName>Magazine</ownerDesignName>
<engineerTo>
<item key="1B76025D-24D3-3A4F-533F-97864CB1A485" value="true"/>
</engineerTo>
<referedAttribute>0029D30C-4591-4BD4-13B3-627FFEB76A78</referedAttribute>
<useDomainConstraints>false</useDomainConstraints>
<use>1</use>
<logicalDatatype>LOGDT019</logicalDatatype>
<dataTypePrecision>20</dataTypePrecision>
<ownDataTypeParameters>,20,</ownDataTypeParameters>
</Attribute>
<Attribute name="id_cor" id="587CC446-8A7E-4F0E-3DFC-3CB28857C181">
<createdBy>dlicinio</createdBy>
<createdTime>2021-05-25 22:57:26 UTC</createdTime>
<generatorID>0063D515-0944-97F5-71FA-5C105495C858</generatorID>
<ownerDesignName>Magazine</ownerDesignName>
<engineerTo>
<item key="1B76025D-24D3-3A4F-533F-97864CB1A485" value="true"/>
</engineerTo>
<referedAttribute>8A82BD8B-51E9-31F8-DA32-41C53DD068C7</referedAttribute>
<useDomainConstraints>false</useDomainConstraints>
<use>1</use>
<logicalDatatype>LOGDT019</logicalDatatype>
<dataTypePrecision>20</dataTypePrecision>
<ownDataTypeParameters>,20,</ownDataTypeParameters>
</Attribute>
<Attribute name="id_marca" id="A0D1F8D3-1C87-0451-DF67-E9A52BF78B6F">
<createdBy>dlicinio</createdBy>
<createdTime>2021-05-25 22:57:50 UTC</createdTime>
<generatorID>037CE458-1485-EC83-2261-B7C6A70A7184</generatorID>
<ownerDesignName>Magazine</ownerDesignName>
<engineerTo>
<item key="1B76025D-24D3-3A4F-533F-97864CB1A485" value="true"/>
</engineerTo>
<referedAttribute>F50B29AE-5635-6E03-9609-CB0F33DF8B0F</referedAttribute>
<useDomainConstraints>false</useDomainConstraints>
<use>1</use>
<logicalDatatype>LOGDT019</logicalDatatype>
<dataTypePrecision>20</dataTypePrecision>
<ownDataTypeParameters>,20,</ownDataTypeParameters>
</Attribute>
<Attribute name="id_tipo_produto" id="4E47A393-C0DE-A0A3-88C4-642DEE7ED1F2">
<createdBy>dlicinio</createdBy>
<createdTime>2021-05-25 22:58:35 UTC</createdTime>
<generatorID>E88966F2-256D-B26D-BD39-C89FF45062DC</generatorID>
<ownerDesignName>Magazine</ownerDesignName>
<engineerTo>
<item key="1B76025D-24D3-3A4F-533F-97864CB1A485" value="true"/>
</engineerTo>
<referedAttribute>C5710137-46AA-0EA0-C62A-38F976423423</referedAttribute>
<useDomainConstraints>false</useDomainConstraints>
<use>1</use>
<logicalDatatype>LOGDT019</logicalDatatype>
<dataTypePrecision>50</dataTypePrecision>
<ownDataTypeParameters>,50,</ownDataTypeParameters>
</Attribute>
</attributes>
<identifiers itemClass="oracle.dbtools.crest.model.design.logical.CandidateKey">
<identifier id="ACFB28D5-8F66-3B42-6DB6-9FE285EB96C7" name="PRODUTO PK">
<createdBy>dlicinio</createdBy>
<createdTime>2021-05-12 01:33:54 UTC</createdTime>
<ownerDesignName>Magazine</ownerDesignName>
<engineerTo>
<item key="1B76025D-24D3-3A4F-533F-97864CB1A485" value="true"/>
</engineerTo>
<pk>true</pk>
<usedAttributes>
<attributeRef>7712C3BB-E96C-D634-1703-9A158828B38D</attributeRef>
</usedAttributes>
</identifier>
</identifiers>
</Entity>