<?xml version = '1.0' encoding = 'UTF-8'?>
<Entity class="oracle.dbtools.crest.model.design.logical.Entity" directorySegmentName="seg_0" id="D9341DA6-BDDC-A676-41EA-21227139D82F" name="ITENS_PENDENTES_APROVACAO">
<createdBy>dlicinio</createdBy>
<createdTime>2021-05-26 00:09:12 UTC</createdTime>
<ownerDesignName>Magazine</ownerDesignName>
<engineerTo>
<item key="1B76025D-24D3-3A4F-533F-97864CB1A485" value="true"/>
</engineerTo>
<adequatelyNormalized>NO</adequatelyNormalized>
<expectedVolumes>0</expectedVolumes>
<fwdEngineeringStrategyName>Single Table</fwdEngineeringStrategyName>
<growthPercent>0</growthPercent>
<growthType>Year</growthType>
<maxVolumes>9999999</maxVolumes>
<minVolumes>0</minVolumes>
<normalForm>Third</normalForm>
<attributes itemClass="oracle.dbtools.crest.model.design.logical.Attribute">
<Attribute name="id_produto" id="C6F7055B-D6E1-37F9-77FB-AD1550C4B90D">
<createdBy>dlicinio</createdBy>
<createdTime>2021-05-26 00:34:11 UTC</createdTime>
<generatorID>1A82062E-1E83-6586-5B29-6729A55CB79F</generatorID>
<ownerDesignName>Magazine</ownerDesignName>
<engineerTo>
<item key="1B76025D-24D3-3A4F-533F-97864CB1A485" value="true"/>
</engineerTo>
<referedAttribute>998DB349-D380-EC77-9EB5-D02511ABEF94</referedAttribute>
<useDomainConstraints>false</useDomainConstraints>
<use>1</use>
<logicalDatatype>LOGDT019</logicalDatatype>
<dataTypePrecision>20</dataTypePrecision>
<ownDataTypeParameters>,20,</ownDataTypeParameters>
</Attribute>
<Attribute name="status_aprovacao" id="96D1AC33-8435-661B-DCFC-2B8FC72970A9">
<createdBy>dlicinio</createdBy>
<createdTime>2021-05-26 00:34:24 UTC</createdTime>
<ownerDesignName>Magazine</ownerDesignName>
<engineerTo>
<item key="1B76025D-24D3-3A4F-533F-97864CB1A485" value="true"/>
</engineerTo>
<useDomainConstraints>false</useDomainConstraints>
<use>1</use>
<logicalDatatype>LOGDT006</logicalDatatype>
<dataTypeSize>1</dataTypeSize>
<ownDataTypeParameters>1,,</ownDataTypeParameters>
</Attribute>
<Attribute name="id_funcionario" id="1829B8C0-118C-58E1-1E4E-D366010E648C">
<createdBy>dlicinio</createdBy>
<createdTime>2021-05-26 00:40:20 UTC</createdTime>
<generatorID>F5CE50BA-25C1-2804-A8D1-725BC5C276D1</generatorID>
<ownerDesignName>Magazine</ownerDesignName>
<engineerTo>
<item key="1B76025D-24D3-3A4F-533F-97864CB1A485" value="true"/>
</engineerTo>
<referedAttribute>EA7B5108-2444-D318-195C-202C789FB9D1</referedAttribute>
<useDomainConstraints>false</useDomainConstraints>
<use>1</use>
<logicalDatatype>LOGDT019</logicalDatatype>
<dataTypePrecision>30</dataTypePrecision>
<ownDataTypeParameters>,30,</ownDataTypeParameters>
</Attribute>
</attributes>
</Entity>