<?xml version = '1.0' encoding = 'UTF-8'?>
<Arc class="oracle.dbtools.crest.model.design.logical.Arc" directorySegmentName="seg_0" id="67EE79C9-BFAD-BB49-05A4-072581F319A1" name="Arc_2">
<createdBy>dlicinio</createdBy>
<createdTime>2021-05-26 00:39:12 UTC</createdTime>
<ownerDesignName>Magazine2_Wearing_Moldar</ownerDesignName>
<engineerTo>
<item key="1B76025D-24D3-3A4F-533F-97864CB1A485" value="true"/>
</engineerTo>
<entity>233CB7E5-1E79-B009-8F03-DE2AADE30B16</entity>
<relations>
<relationID>15134C1F-2D99-0F80-5054-469829B0D729</relationID>
<relationID>1A82062E-1E83-6586-5B29-6729A55CB79F</relationID>
</relations>
</Arc>