<?xml version = '1.0' encoding = 'UTF-8'?>
<Arc class="oracle.dbtools.crest.model.design.logical.Arc" directorySegmentName="seg_0" id="F356B9C6-8DAC-F6A2-9792-3942395A78B1" name="Arc_3">
<createdBy>dlicinio</createdBy>
<createdTime>2021-05-26 00:45:25 UTC</createdTime>
<ownerDesignName>Magazine2_Wearing_Moldar</ownerDesignName>
<engineerTo>
<item key="1B76025D-24D3-3A4F-533F-97864CB1A485" value="true"/>
</engineerTo>
<entity>E91B25E4-A860-2917-DE8A-6F23BA199C98</entity>
<relations>
<relationID>09E4A284-DEC6-D1E3-A985-02865EAA7496</relationID>
<relationID>D0FB043F-BC0F-1FC6-54E6-565BC6C6EDA6</relationID>
</relations>
</Arc>