<?xml version = '1.0' encoding = 'UTF-8'?>
<Table class="oracle.dbtools.crest.model.design.relational.Table" directorySegmentName="seg_0" id="0364607E-8858-5A5D-18F8-650A4C6D2C6F" name="DEVOLUCAO_PEDIDO">
<createdBy>dlicinio</createdBy>
<createdTime>2021-05-30 23:41:34 UTC</createdTime>
<generatorID>AA804D39-F466-C661-4AE9-00028FF76359</generatorID>
<ownerDesignName>Magazine</ownerDesignName>
<allowColumnReorder>false</allowColumnReorder>
<existDependencyGenerateInDDl>true</existDependencyGenerateInDDl>
<parsed>true</parsed>
<columns itemClass="oracle.dbtools.crest.model.design.relational.Column">
<Column name="id_pedido" id="2496CCF8-66F5-75DE-90FD-EB956BF8A43F">
<createdBy>dlicinio</createdBy>
<createdTime>2021-05-30 23:41:34 UTC</createdTime>
<generatorID>61FB8D50-9CAA-6B85-87B1-502BBBF80FB1</generatorID>
<ownerDesignName>Magazine</ownerDesignName>
<useDomainConstraints>false</useDomainConstraints>
<use>1</use>
<logicalDatatype>LOGDT019</logicalDatatype>
<dataTypePrecision>30</dataTypePrecision>
<ownDataTypeParameters>,30,</ownDataTypeParameters>
<previousColumn>false</previousColumn>
<autoIncrementCycle>false</autoIncrementCycle>
<associations>
<colAssociation fkAssociation="056D6AC7-72B4-DA3A-B1E9-D5FD8486087C" referredColumn="798FE566-A81E-0C00-84BF-C5F0DB852013"/>
</associations>
</Column>
<Column name="cpf" id="C4F40C28-B509-1148-BA4B-C5067C4650B4">
<createdBy>dlicinio</createdBy>
<createdTime>2021-05-30 23:41:34 UTC</createdTime>
<generatorID>8CF8B4A4-2983-9C5E-1C4D-555A525D1A22</generatorID>
<ownerDesignName>Magazine</ownerDesignName>
<useDomainConstraints>false</useDomainConstraints>
<use>1</use>
<logicalDatatype>LOGDT019</logicalDatatype>
<dataTypePrecision>30</dataTypePrecision>
<ownDataTypeParameters>,30,</ownDataTypeParameters>
<previousColumn>false</previousColumn>
<autoIncrementCycle>false</autoIncrementCycle>
<associations>
<colAssociation fkAssociation="73B94FD2-EE9B-8688-4E37-4F4782A1C23B" referredColumn="45EEDA02-1E08-0DE5-30C7-B1E298A6F6C6"/>
</associations>
</Column>
<Column name="data_devolucao" id="FF97BC82-3B95-1B8D-5587-A72BCF1A52C9">
<createdBy>dlicinio</createdBy>
<createdTime>2021-05-30 23:41:34 UTC</createdTime>
<generatorID>54C1CD11-EA39-E9DD-EA89-6E6C8BFD3F3D</generatorID>
<ownerDesignName>Magazine</ownerDesignName>
<useDomainConstraints>false</useDomainConstraints>
<use>1</use>
<logicalDatatype>LOGDT007</logicalDatatype>
<ownDataTypeParameters>,,</ownDataTypeParameters>
<autoIncrementCycle>false</autoIncrementCycle>
</Column>
</columns>
<indexes itemClass="oracle.dbtools.crest.model.design.relational.Index">
<ind_PK_UK id="AD926510-36FD-4F34-8268-2E1F0AE7F07F" name="DEVOLUCAO_PEDIDO_PEDIDO_FK">
<createdBy>dlicinio</createdBy>
<createdTime>2021-05-30 23:41:34 UTC</createdTime>
<generatorID>7EE2E96B-5F3F-D85F-CFE8-89BE2317073C</generatorID>
<ownerDesignName>Magazine</ownerDesignName>
<indexState>Foreign Key</indexState>
<isSurrogateKey>false</isSurrogateKey>
<indexColumnUsage>
<colUsage columnID="2496CCF8-66F5-75DE-90FD-EB956BF8A43F"/>
</indexColumnUsage>
</ind_PK_UK>
<ind_PK_UK id="BF99EE66-2DBD-52DA-8797-B57F478ABC2E" name="DEVOLUCAO_PEDIDO_PESSOA_FISICA_FK">
<createdBy>dlicinio</createdBy>
<createdTime>2021-05-30 23:41:34 UTC</createdTime>
<generatorID>33E18370-F89B-72E8-EFC5-42DFC18C17D3</generatorID>
<ownerDesignName>Magazine</ownerDesignName>
<indexState>Foreign Key</indexState>
<isSurrogateKey>false</isSurrogateKey>
<indexColumnUsage>
<colUsage columnID="C4F40C28-B509-1148-BA4B-C5067C4650B4"/>
</indexColumnUsage>
</ind_PK_UK>
</indexes>
</Table>