<?xml version = '1.0' encoding = 'UTF-8'?>
<Table class="oracle.dbtools.crest.model.design.relational.Table" directorySegmentName="seg_0" id="19624677-24B9-1817-30FD-66F7763EE98D" name="PESSOA_FISICA">
<createdBy>dlicinio</createdBy>
<createdTime>2021-05-30 23:41:34 UTC</createdTime>
<generatorID>CF4E7C18-984D-B192-8FA7-9D09A46E1485</generatorID>
<ownerDesignName>Magazine</ownerDesignName>
<allowColumnReorder>false</allowColumnReorder>
<existDependencyGenerateInDDl>true</existDependencyGenerateInDDl>
<parsed>true</parsed>
<columns itemClass="oracle.dbtools.crest.model.design.relational.Column">
<Column name="cpf" id="45EEDA02-1E08-0DE5-30C7-B1E298A6F6C6">
<createdBy>dlicinio</createdBy>
<createdTime>2021-05-30 23:41:34 UTC</createdTime>
<generatorID>79876D35-3176-BAEF-37BA-C72B6751DA00</generatorID>
<ownerDesignName>Magazine</ownerDesignName>
<useDomainConstraints>false</useDomainConstraints>
<use>1</use>
<logicalDatatype>LOGDT019</logicalDatatype>
<dataTypePrecision>30</dataTypePrecision>
<ownDataTypeParameters>,30,</ownDataTypeParameters>
<autoIncrementCycle>false</autoIncrementCycle>
</Column>
<Column name="sexo" id="5443DD34-71BA-E839-A711-4E0496957CB2">
<createdBy>dlicinio</createdBy>
<createdTime>2021-05-30 23:41:34 UTC</createdTime>
<generatorID>D3044158-66FE-25B2-D6B5-DF0ADA636EE2</generatorID>
<ownerDesignName>Magazine</ownerDesignName>
<useDomainConstraints>false</useDomainConstraints>
<use>1</use>
<logicalDatatype>LOGDT024</logicalDatatype>
<dataTypeSize>20</dataTypeSize>
<ownDataTypeParameters>20,,</ownDataTypeParameters>
<autoIncrementCycle>false</autoIncrementCycle>
</Column>
<Column name="id_cliente" id="4638900B-FA94-1BEF-0783-CD8CACFE48A9">
<createdBy>dlicinio</createdBy>
<createdTime>2021-05-30 23:41:34 UTC</createdTime>
<generatorID>71220EC4-0F7B-5976-96B4-9C2401175085</generatorID>
<ownerDesignName>Magazine</ownerDesignName>
<useDomainConstraints>false</useDomainConstraints>
<use>1</use>
<logicalDatatype>LOGDT019</logicalDatatype>
<dataTypePrecision>20</dataTypePrecision>
<ownDataTypeParameters>,20,</ownDataTypeParameters>
<previousColumn>false</previousColumn>
<autoIncrementCycle>false</autoIncrementCycle>
<associations>
<colAssociation fkAssociation="F528EF69-F0D9-2909-5E0C-22CD46225441" referredColumn="2FDF8FE0-B2EA-F21C-23EC-EE431FE2983E"/>
</associations>
</Column>
</columns>
<indexes itemClass="oracle.dbtools.crest.model.design.relational.Index">
<ind_PK_UK id="D484BD42-38F9-CE5B-4FCE-EFFCE6AC1534" name="PESSOA_FISICA_PK">
<createdBy>dlicinio</createdBy>
<createdTime>2021-05-30 23:41:34 UTC</createdTime>
<generatorID>337FFF04-C72E-23C1-A58D-551BAE407D72</generatorID>
<ownerDesignName>Magazine</ownerDesignName>
<pk>true</pk>
<indexState>Primary Constraint</indexState>
<isSurrogateKey>false</isSurrogateKey>
<indexColumnUsage>
<colUsage columnID="45EEDA02-1E08-0DE5-30C7-B1E298A6F6C6"/>
</indexColumnUsage>
</ind_PK_UK>
<ind_PK_UK id="B8D1A241-C01B-0E04-AFD7-50D9F688E209" name="PESSOA_FISICA__IDX">
<createdBy>dlicinio</createdBy>
<createdTime>2021-05-30 23:41:34 UTC</createdTime>
<ownerDesignName>Magazine</ownerDesignName>
<indexState>Unique Plain Index</indexState>
<isSurrogateKey>false</isSurrogateKey>
<relationGeneratorID>09E4A284-DEC6-D1E3-A985-02865EAA7496</relationGeneratorID>
<indexColumnUsage>
<colUsage columnID="4638900B-FA94-1BEF-0783-CD8CACFE48A9"/>
</indexColumnUsage>
</ind_PK_UK>
<ind_PK_UK id="252EFF53-C261-7DF4-CE36-D43877A25220" name="PESSOA_FISICA_CLIENTE_FK">
<createdBy>dlicinio</createdBy>
<createdTime>2021-05-30 23:41:34 UTC</createdTime>
<generatorID>09E4A284-DEC6-D1E3-A985-02865EAA7496</generatorID>
<ownerDesignName>Magazine</ownerDesignName>
<indexState>Foreign Key</indexState>
<isSurrogateKey>false</isSurrogateKey>
<indexColumnUsage>
<colUsage columnID="4638900B-FA94-1BEF-0783-CD8CACFE48A9"/>
</indexColumnUsage>
</ind_PK_UK>
</indexes>
</Table>