<?xml version = '1.0' encoding = 'UTF-8'?>
<Table class="oracle.dbtools.crest.model.design.relational.Table" directorySegmentName="seg_0" id="1A0E6B03-0F01-4FC7-A8B0-0BFB7FF16689" name="PESSOA_JURIDICA">
<createdBy>dlicinio</createdBy>
<createdTime>2021-05-30 23:41:34 UTC</createdTime>
<generatorID>5167D896-99C1-C4FC-D33C-181044695431</generatorID>
<ownerDesignName>Magazine</ownerDesignName>
<allowColumnReorder>false</allowColumnReorder>
<existDependencyGenerateInDDl>true</existDependencyGenerateInDDl>
<parsed>true</parsed>
<columns itemClass="oracle.dbtools.crest.model.design.relational.Column">
<Column name="cnpj" id="A5898250-0A29-4158-025C-29807485B521">
<createdBy>dlicinio</createdBy>
<createdTime>2021-05-30 23:41:34 UTC</createdTime>
<generatorID>B71BFE00-E319-7609-DBDD-3CDC9971C008</generatorID>
<ownerDesignName>Magazine</ownerDesignName>
<useDomainConstraints>false</useDomainConstraints>
<use>1</use>
<logicalDatatype>LOGDT019</logicalDatatype>
<dataTypePrecision>30</dataTypePrecision>
<ownDataTypeParameters>,30,</ownDataTypeParameters>
<autoIncrementCycle>false</autoIncrementCycle>
</Column>
<Column name="descricao_empresa" id="DC96408E-219D-225B-8D3D-B7E0C8B66FEA">
<createdBy>dlicinio</createdBy>
<createdTime>2021-05-30 23:41:34 UTC</createdTime>
<generatorID>BB83F4D9-9DE4-D84E-71CF-423DFD176A49</generatorID>
<ownerDesignName>Magazine</ownerDesignName>
<useDomainConstraints>false</useDomainConstraints>
<use>1</use>
<logicalDatatype>LOGDT024</logicalDatatype>
<dataTypeSize>50</dataTypeSize>
<ownDataTypeParameters>50,,</ownDataTypeParameters>
<autoIncrementCycle>false</autoIncrementCycle>
</Column>
<Column name="id_cliente" id="7EDA9B46-B2CD-C177-CA89-875F92EC5F35">
<createdBy>dlicinio</createdBy>
<createdTime>2021-05-30 23:41:34 UTC</createdTime>
<generatorID>E8B946E2-3BF7-4A61-FC60-2F2049A32616</generatorID>
<ownerDesignName>Magazine</ownerDesignName>
<useDomainConstraints>false</useDomainConstraints>
<use>1</use>
<logicalDatatype>LOGDT019</logicalDatatype>
<dataTypePrecision>20</dataTypePrecision>
<ownDataTypeParameters>,20,</ownDataTypeParameters>
<previousColumn>false</previousColumn>
<autoIncrementCycle>false</autoIncrementCycle>
<associations>
<colAssociation fkAssociation="0767D584-244D-B0BE-5F3E-20E036CB9EBC" referredColumn="2FDF8FE0-B2EA-F21C-23EC-EE431FE2983E"/>
</associations>
</Column>
</columns>
<indexes itemClass="oracle.dbtools.crest.model.design.relational.Index">
<ind_PK_UK id="20993BAB-AE5C-A1BC-4D15-AA8A41072A22" name="PESSOA_JURIDICA_PK">
<createdBy>dlicinio</createdBy>
<createdTime>2021-05-30 23:41:34 UTC</createdTime>
<generatorID>8EFF0663-0A9C-0859-3E1D-589F46E5C7F6</generatorID>
<ownerDesignName>Magazine</ownerDesignName>
<pk>true</pk>
<indexState>Primary Constraint</indexState>
<isSurrogateKey>false</isSurrogateKey>
<indexColumnUsage>
<colUsage columnID="A5898250-0A29-4158-025C-29807485B521"/>
</indexColumnUsage>
</ind_PK_UK>
<ind_PK_UK id="9CFC2EE8-A7A3-BADB-6D75-FC0BCE1BC361" name="PESSOA_JURIDICA__IDX">
<createdBy>dlicinio</createdBy>
<createdTime>2021-05-30 23:41:34 UTC</createdTime>
<ownerDesignName>Magazine</ownerDesignName>
<indexState>Unique Plain Index</indexState>
<isSurrogateKey>false</isSurrogateKey>
<relationGeneratorID>D0FB043F-BC0F-1FC6-54E6-565BC6C6EDA6</relationGeneratorID>
<indexColumnUsage>
<colUsage columnID="7EDA9B46-B2CD-C177-CA89-875F92EC5F35"/>
</indexColumnUsage>
</ind_PK_UK>
<ind_PK_UK id="912B810A-068C-D3B4-1F2A-38C23B56A90D" name="PESSOA_JURIDICA_CLIENTE_FK">
<createdBy>dlicinio</createdBy>
<createdTime>2021-05-30 23:41:34 UTC</createdTime>
<generatorID>D0FB043F-BC0F-1FC6-54E6-565BC6C6EDA6</generatorID>
<ownerDesignName>Magazine</ownerDesignName>
<indexState>Foreign Key</indexState>
<isSurrogateKey>false</isSurrogateKey>
<indexColumnUsage>
<colUsage columnID="7EDA9B46-B2CD-C177-CA89-875F92EC5F35"/>
</indexColumnUsage>
</ind_PK_UK>
</indexes>
</Table>