<?xml version = '1.0' encoding = 'UTF-8'?>
<Table class="oracle.dbtools.crest.model.design.relational.Table" directorySegmentName="seg_0" id="20D1CA3E-AF5D-81EF-9589-F6E7C7082BC9" name="ITENS_PEDIDO">
<createdBy>dlicinio</createdBy>
<createdTime>2021-05-30 23:41:34 UTC</createdTime>
<generatorID>233CB7E5-1E79-B009-8F03-DE2AADE30B16</generatorID>
<ownerDesignName>Magazine</ownerDesignName>
<allowColumnReorder>false</allowColumnReorder>
<existDependencyGenerateInDDl>true</existDependencyGenerateInDDl>
<parsed>true</parsed>
<columns itemClass="oracle.dbtools.crest.model.design.relational.Column">
<Column name="id_pedido" id="3CE69FF6-E42D-D43F-5FA1-E2EB1399C7B4">
<createdBy>dlicinio</createdBy>
<createdTime>2021-05-30 23:41:34 UTC</createdTime>
<generatorID>5B3654C8-6207-986A-8C26-321FA7AA41C1</generatorID>
<ownerDesignName>Magazine</ownerDesignName>
<useDomainConstraints>false</useDomainConstraints>
<use>1</use>
<logicalDatatype>LOGDT019</logicalDatatype>
<dataTypePrecision>30</dataTypePrecision>
<ownDataTypeParameters>,30,</ownDataTypeParameters>
<previousColumn>false</previousColumn>
<autoIncrementCycle>false</autoIncrementCycle>
<associations>
<colAssociation fkAssociation="2A88A422-182C-35BE-9A24-D7ED37CED456" referredColumn="798FE566-A81E-0C00-84BF-C5F0DB852013"/>
</associations>
</Column>
<Column name="quantidade" id="92FF3432-3ACD-F792-26E5-FD84300C3B46">
<createdBy>dlicinio</createdBy>
<createdTime>2021-05-30 23:41:34 UTC</createdTime>
<generatorID>3D66BD8C-B256-3C6E-1103-46CEF7B8A28F</generatorID>
<ownerDesignName>Magazine</ownerDesignName>
<useDomainConstraints>false</useDomainConstraints>
<use>1</use>
<logicalDatatype>LOGDT019</logicalDatatype>
<dataTypePrecision>100</dataTypePrecision>
<ownDataTypeParameters>,100,</ownDataTypeParameters>
<autoIncrementCycle>false</autoIncrementCycle>
</Column>
<Column name="id_produto" id="B332241B-F027-BCBF-A7CB-448A7837CB82">
<createdBy>dlicinio</createdBy>
<createdTime>2021-05-30 23:41:34 UTC</createdTime>
<generatorID>998DB349-D380-EC77-9EB5-D02511ABEF94</generatorID>
<ownerDesignName>Magazine</ownerDesignName>
<useDomainConstraints>false</useDomainConstraints>
<use>1</use>
<logicalDatatype>LOGDT019</logicalDatatype>
<dataTypePrecision>20</dataTypePrecision>
<ownDataTypeParameters>,20,</ownDataTypeParameters>
<previousColumn>false</previousColumn>
<autoIncrementCycle>false</autoIncrementCycle>
<associations>
<colAssociation fkAssociation="9D22B6BA-04C1-7DEB-11B6-8F101C59C072" referredColumn="5BD58733-B7D0-4E57-6FAF-85BF958E4315"/>
</associations>
</Column>
</columns>
<indexes itemClass="oracle.dbtools.crest.model.design.relational.Index">
<ind_PK_UK id="03C31025-FDB7-0BC0-7BFF-F7E9DAE16AF1" name="ITENS_PEDIDO_PK">
<createdBy>dlicinio</createdBy>
<createdTime>2021-05-30 23:41:34 UTC</createdTime>
<generatorID>1C0568D8-C4EE-0F4B-34F6-5C86613484D2</generatorID>
<ownerDesignName>Magazine</ownerDesignName>
<pk>true</pk>
<indexState>Primary Constraint</indexState>
<isSurrogateKey>false</isSurrogateKey>
<indexColumnUsage>
<colUsage columnID="B332241B-F027-BCBF-A7CB-448A7837CB82"/>
</indexColumnUsage>
</ind_PK_UK>
<ind_PK_UK id="5A748D71-9358-815D-1AA7-77DD5FB3041E" name="ITENS_PEDIDO_PRODUTO_FK">
<createdBy>dlicinio</createdBy>
<createdTime>2021-05-30 23:41:34 UTC</createdTime>
<generatorID>C6E11CF2-3675-DC59-E6ED-183DE9BC9A71</generatorID>
<ownerDesignName>Magazine</ownerDesignName>
<indexState>Foreign Key</indexState>
<isSurrogateKey>false</isSurrogateKey>
<indexColumnUsage>
<colUsage columnID="B332241B-F027-BCBF-A7CB-448A7837CB82"/>
</indexColumnUsage>
</ind_PK_UK>
<ind_PK_UK id="4C67F52B-423B-07A7-A5A8-A680835D52F3" name="ITENS_PEDIDO_PEDIDO_FK">
<createdBy>dlicinio</createdBy>
<createdTime>2021-05-30 23:41:34 UTC</createdTime>
<generatorID>9E48675A-3133-2B65-2443-D2568FCE5086</generatorID>
<ownerDesignName>Magazine</ownerDesignName>
<indexState>Foreign Key</indexState>
<isSurrogateKey>false</isSurrogateKey>
<indexColumnUsage>
<colUsage columnID="3CE69FF6-E42D-D43F-5FA1-E2EB1399C7B4"/>
</indexColumnUsage>
</ind_PK_UK>
</indexes>
</Table>