<?xml version = '1.0' encoding = 'UTF-8'?>
<Table class="oracle.dbtools.crest.model.design.relational.Table" directorySegmentName="seg_0" id="285CE69B-2D85-321E-7772-B974B5B11C52" name="TELEFONE_LOJA">
<createdBy>dlicinio</createdBy>
<createdTime>2021-05-30 23:41:34 UTC</createdTime>
<generatorID>C0886B74-71A6-E277-F0FD-4DAD269A15F2</generatorID>
<ownerDesignName>Magazine</ownerDesignName>
<allowColumnReorder>false</allowColumnReorder>
<existDependencyGenerateInDDl>true</existDependencyGenerateInDDl>
<parsed>true</parsed>
<columns itemClass="oracle.dbtools.crest.model.design.relational.Column">
<Column name="numero_telefone" id="CCF01CD1-4636-B6D8-A8A3-D47E698DD04E">
<createdBy>dlicinio</createdBy>
<createdTime>2021-05-30 23:41:34 UTC</createdTime>
<generatorID>C360CEF2-67C6-D231-C8C1-6AAFE8DE9BB8</generatorID>
<ownerDesignName>Magazine</ownerDesignName>
<useDomainConstraints>false</useDomainConstraints>
<use>1</use>
<logicalDatatype>LOGDT019</logicalDatatype>
<dataTypePrecision>50</dataTypePrecision>
<ownDataTypeParameters>,50,</ownDataTypeParameters>
<autoIncrementCycle>false</autoIncrementCycle>
</Column>
<Column name="id_loja" id="6D1ACD99-0ABB-C5B6-03C7-C876405A7021">
<createdBy>dlicinio</createdBy>
<createdTime>2021-05-30 23:41:34 UTC</createdTime>
<generatorID>E4320711-6685-5DF1-05CA-319BA52CD637</generatorID>
<ownerDesignName>Magazine</ownerDesignName>
<useDomainConstraints>false</useDomainConstraints>
<use>1</use>
<logicalDatatype>LOGDT019</logicalDatatype>
<dataTypePrecision>30</dataTypePrecision>
<ownDataTypeParameters>,30,</ownDataTypeParameters>
<previousColumn>false</previousColumn>
<autoIncrementCycle>false</autoIncrementCycle>
<associations>
<colAssociation fkAssociation="BD430B00-7D44-9EEF-777C-922181127262" referredColumn="8F614055-1831-832E-8E48-849B7889D800"/>
</associations>
</Column>
</columns>
<indexes itemClass="oracle.dbtools.crest.model.design.relational.Index">
<ind_PK_UK id="D3DF61FF-5522-D8A0-150E-190EDB226C5E" name="TELEFONE_LOJA_PK">
<createdBy>dlicinio</createdBy>
<createdTime>2021-05-30 23:41:34 UTC</createdTime>
<generatorID>15D95A84-A78F-2B9B-B83B-67CBDF42A1E0</generatorID>
<ownerDesignName>Magazine</ownerDesignName>
<pk>true</pk>
<indexState>Primary Constraint</indexState>
<isSurrogateKey>false</isSurrogateKey>
<indexColumnUsage>
<colUsage columnID="CCF01CD1-4636-B6D8-A8A3-D47E698DD04E"/>
</indexColumnUsage>
</ind_PK_UK>
<ind_PK_UK id="C3A3A46D-2E30-236E-806D-56E6424FFECA" name="TELEFONE_LOJA_LOJA_FK">
<createdBy>dlicinio</createdBy>
<createdTime>2021-05-30 23:41:34 UTC</createdTime>
<generatorID>090E1842-5AD0-81CF-432D-5C9882AF6FE4</generatorID>
<ownerDesignName>Magazine</ownerDesignName>
<indexState>Foreign Key</indexState>
<isSurrogateKey>false</isSurrogateKey>
<indexColumnUsage>
<colUsage columnID="6D1ACD99-0ABB-C5B6-03C7-C876405A7021"/>
</indexColumnUsage>
</ind_PK_UK>
</indexes>
</Table>