<?xml version = '1.0' encoding = 'UTF-8'?>
<Table class="oracle.dbtools.crest.model.design.relational.Table" directorySegmentName="seg_0" id="2A25E8C5-E1DC-24AD-FB65-69020978C1E1" name="TIPO_PRODUTO">
<createdBy>dlicinio</createdBy>
<createdTime>2021-05-30 23:41:34 UTC</createdTime>
<generatorID>25DF74F4-B70A-A4D9-8A50-EA64944D8F15</generatorID>
<ownerDesignName>Magazine</ownerDesignName>
<allowColumnReorder>false</allowColumnReorder>
<existDependencyGenerateInDDl>true</existDependencyGenerateInDDl>
<parsed>true</parsed>
<columns itemClass="oracle.dbtools.crest.model.design.relational.Column">
<Column name="id_tipo_produto" id="147CE23D-AF2C-05D0-A9D6-240BC654022E">
<createdBy>dlicinio</createdBy>
<createdTime>2021-05-30 23:41:34 UTC</createdTime>
<generatorID>C5710137-46AA-0EA0-C62A-38F976423423</generatorID>
<ownerDesignName>Magazine</ownerDesignName>
<useDomainConstraints>false</useDomainConstraints>
<use>1</use>
<logicalDatatype>LOGDT019</logicalDatatype>
<dataTypePrecision>50</dataTypePrecision>
<ownDataTypeParameters>,50,</ownDataTypeParameters>
<autoIncrementCycle>false</autoIncrementCycle>
</Column>
<Column name="ds_tipo_produto" id="5F3A17E9-0052-36FD-DDF6-7DB88B181592">
<createdBy>dlicinio</createdBy>
<createdTime>2021-05-30 23:41:34 UTC</createdTime>
<generatorID>506A912D-C78E-B006-86F0-60F93C3F03CF</generatorID>
<ownerDesignName>Magazine</ownerDesignName>
<useDomainConstraints>false</useDomainConstraints>
<use>1</use>
<logicalDatatype>LOGDT024</logicalDatatype>
<dataTypeSize>30</dataTypeSize>
<ownDataTypeParameters>30,,</ownDataTypeParameters>
<autoIncrementCycle>false</autoIncrementCycle>
</Column>
</columns>
<indexes itemClass="oracle.dbtools.crest.model.design.relational.Index">
<ind_PK_UK id="4DF5348D-F136-90BA-B5DD-925EB99A459E" name="TIPO_PRODUTO_PK">
<createdBy>dlicinio</createdBy>
<createdTime>2021-05-30 23:41:34 UTC</createdTime>
<generatorID>FCC322E8-434E-54C9-7207-760B9FBD46F7</generatorID>
<ownerDesignName>Magazine</ownerDesignName>
<pk>true</pk>
<indexState>Primary Constraint</indexState>
<isSurrogateKey>false</isSurrogateKey>
<indexColumnUsage>
<colUsage columnID="147CE23D-AF2C-05D0-A9D6-240BC654022E"/>
</indexColumnUsage>
</ind_PK_UK>
</indexes>
</Table>