<?xml version = '1.0' encoding = 'UTF-8'?>
<Table class="oracle.dbtools.crest.model.design.relational.Table" directorySegmentName="seg_0" id="4228F7A2-44A4-BAF1-3D44-2D807862D4C0" name="NAO_PRECISA_APROVACAO">
<createdBy>dlicinio</createdBy>
<createdTime>2021-05-30 23:41:34 UTC</createdTime>
<generatorID>AC12038C-ED2C-E0FE-43C1-7C307FC9C540</generatorID>
<ownerDesignName>Magazine</ownerDesignName>
<allowColumnReorder>false</allowColumnReorder>
<existDependencyGenerateInDDl>true</existDependencyGenerateInDDl>
<parsed>true</parsed>
<columns itemClass="oracle.dbtools.crest.model.design.relational.Column">
<Column name="id_produto" id="3F27BC1E-FBCD-3AF9-D102-D6FFBB374FE3">
<createdBy>dlicinio</createdBy>
<createdTime>2021-05-30 23:41:34 UTC</createdTime>
<generatorID>CBE09390-C0FD-56A5-D7A5-3E9D19986C63</generatorID>
<ownerDesignName>Magazine</ownerDesignName>
<useDomainConstraints>false</useDomainConstraints>
<use>1</use>
<logicalDatatype>LOGDT019</logicalDatatype>
<dataTypePrecision>20</dataTypePrecision>
<ownDataTypeParameters>,20,</ownDataTypeParameters>
<previousColumn>false</previousColumn>
<autoIncrementCycle>false</autoIncrementCycle>
<associations>
<colAssociation fkAssociation="E6944045-7E60-2FF2-1D72-37A0A7C12457" referredColumn="B332241B-F027-BCBF-A7CB-448A7837CB82"/>
</associations>
</Column>
</columns>
<indexes itemClass="oracle.dbtools.crest.model.design.relational.Index">
<ind_PK_UK id="91EF507F-0A07-03BF-1830-CF2F6298124F" name="NAO_PRECISA_APROVACAO__IDX">
<createdBy>dlicinio</createdBy>
<createdTime>2021-05-30 23:41:34 UTC</createdTime>
<ownerDesignName>Magazine</ownerDesignName>
<indexState>Unique Plain Index</indexState>
<isSurrogateKey>false</isSurrogateKey>
<relationGeneratorID>15134C1F-2D99-0F80-5054-469829B0D729</relationGeneratorID>
<indexColumnUsage>
<colUsage columnID="3F27BC1E-FBCD-3AF9-D102-D6FFBB374FE3"/>
</indexColumnUsage>
</ind_PK_UK>
<ind_PK_UK id="9D5FE353-F374-5ADC-9733-891F963A6393" name="NAO_PRECISA_APROVACAO_ITENS_PEDIDO_FK">
<createdBy>dlicinio</createdBy>
<createdTime>2021-05-30 23:41:34 UTC</createdTime>
<generatorID>15134C1F-2D99-0F80-5054-469829B0D729</generatorID>
<ownerDesignName>Magazine</ownerDesignName>
<indexState>Foreign Key</indexState>
<isSurrogateKey>false</isSurrogateKey>
<indexColumnUsage>
<colUsage columnID="3F27BC1E-FBCD-3AF9-D102-D6FFBB374FE3"/>
</indexColumnUsage>
</ind_PK_UK>
</indexes>
</Table>