<?xml version = '1.0' encoding = 'UTF-8'?>
<Table class="oracle.dbtools.crest.model.design.relational.Table" directorySegmentName="seg_0" id="46DF12CD-573B-5E4D-F7D1-64C55102326E" name="RESERVA">
<createdBy>dlicinio</createdBy>
<createdTime>2021-05-30 23:41:34 UTC</createdTime>
<generatorID>1BE20992-1485-7334-DECB-B62863A626EF</generatorID>
<ownerDesignName>Magazine</ownerDesignName>
<allowColumnReorder>false</allowColumnReorder>
<existDependencyGenerateInDDl>true</existDependencyGenerateInDDl>
<parsed>true</parsed>
<columns itemClass="oracle.dbtools.crest.model.design.relational.Column">
<Column name="id_reserva" id="E5F9DEC1-9351-9147-1FD8-BE9A79CDC4B7">
<createdBy>dlicinio</createdBy>
<createdTime>2021-05-30 23:41:34 UTC</createdTime>
<generatorID>A0A38A64-3D59-113A-164F-EDF0C93DE351</generatorID>
<ownerDesignName>Magazine</ownerDesignName>
<useDomainConstraints>false</useDomainConstraints>
<use>1</use>
<logicalDatatype>LOGDT019</logicalDatatype>
<dataTypePrecision>20</dataTypePrecision>
<ownDataTypeParameters>,20,</ownDataTypeParameters>
<autoIncrementCycle>false</autoIncrementCycle>
</Column>
<Column name="data_reserva" id="44551110-87D1-820E-D2A4-4711D9003F68">
<createdBy>dlicinio</createdBy>
<createdTime>2021-05-30 23:41:34 UTC</createdTime>
<generatorID>11EC8E0A-4EFD-A2EB-587B-3D8C0C87DF1F</generatorID>
<ownerDesignName>Magazine</ownerDesignName>
<useDomainConstraints>false</useDomainConstraints>
<use>1</use>
<logicalDatatype>LOGDT007</logicalDatatype>
<ownDataTypeParameters>,,</ownDataTypeParameters>
<autoIncrementCycle>false</autoIncrementCycle>
</Column>
<Column name="data_retirada" id="05DCCBFF-1251-46F1-E278-A3C704DCEAA8">
<createdBy>dlicinio</createdBy>
<createdTime>2021-05-30 23:41:34 UTC</createdTime>
<generatorID>5923AAFA-F888-05A2-FDD5-D9FB9AD79607</generatorID>
<ownerDesignName>Magazine</ownerDesignName>
<nullsAllowed>true</nullsAllowed>
<useDomainConstraints>false</useDomainConstraints>
<use>1</use>
<logicalDatatype>LOGDT007</logicalDatatype>
<ownDataTypeParameters>,,</ownDataTypeParameters>
<autoIncrementCycle>false</autoIncrementCycle>
</Column>
<Column name="cnpj" id="B596F370-51F1-0D63-E83B-0F14C8A9821A">
<createdBy>dlicinio</createdBy>
<createdTime>2021-05-30 23:41:34 UTC</createdTime>
<generatorID>D6677F21-6DCA-4B22-F4CE-3F6A669E4DD3</generatorID>
<ownerDesignName>Magazine</ownerDesignName>
<useDomainConstraints>false</useDomainConstraints>
<use>1</use>
<logicalDatatype>LOGDT019</logicalDatatype>
<dataTypePrecision>30</dataTypePrecision>
<ownDataTypeParameters>,30,</ownDataTypeParameters>
<previousColumn>false</previousColumn>
<autoIncrementCycle>false</autoIncrementCycle>
<associations>
<colAssociation fkAssociation="543D6EC8-288F-F3D6-4131-14B0FA6B34EF" referredColumn="A5898250-0A29-4158-025C-29807485B521"/>
</associations>
</Column>
</columns>
<indexes itemClass="oracle.dbtools.crest.model.design.relational.Index">
<ind_PK_UK id="0786B9E3-234F-D465-006D-392491C00B0D" name="RESERVA_PK">
<createdBy>dlicinio</createdBy>
<createdTime>2021-05-30 23:41:34 UTC</createdTime>
<generatorID>1B449C0F-B127-0150-BFBF-1CF5580B8FF5</generatorID>
<ownerDesignName>Magazine</ownerDesignName>
<pk>true</pk>
<indexState>Primary Constraint</indexState>
<isSurrogateKey>false</isSurrogateKey>
<indexColumnUsage>
<colUsage columnID="E5F9DEC1-9351-9147-1FD8-BE9A79CDC4B7"/>
</indexColumnUsage>
</ind_PK_UK>
<ind_PK_UK id="F9D1EFB9-73F5-2E09-5352-3CB409C7D9EF" name="RESERVA_PESSOA_JURIDICA_FK">
<createdBy>dlicinio</createdBy>
<createdTime>2021-05-30 23:41:34 UTC</createdTime>
<generatorID>754ECADB-407B-22CA-0327-FCD02174D27A</generatorID>
<ownerDesignName>Magazine</ownerDesignName>
<indexState>Foreign Key</indexState>
<isSurrogateKey>false</isSurrogateKey>
<indexColumnUsage>
<colUsage columnID="B596F370-51F1-0D63-E83B-0F14C8A9821A"/>
</indexColumnUsage>
</ind_PK_UK>
</indexes>
</Table>