<?xml version = '1.0' encoding = 'UTF-8'?>
<Table class="oracle.dbtools.crest.model.design.relational.Table" directorySegmentName="seg_0" id="499B036F-EC75-19E4-24AB-037031D90B02" name="TIPO_TELEFONE_CLIENTE">
<createdBy>dlicinio</createdBy>
<createdTime>2021-05-30 23:41:34 UTC</createdTime>
<generatorID>BBCF99E2-BAB2-1963-6AFB-F8A792D5B6ED</generatorID>
<ownerDesignName>Magazine</ownerDesignName>
<allowColumnReorder>false</allowColumnReorder>
<existDependencyGenerateInDDl>true</existDependencyGenerateInDDl>
<parsed>true</parsed>
<columns itemClass="oracle.dbtools.crest.model.design.relational.Column">
<Column name="id_tipo_telefone" id="0B4FCB2A-3CE7-376B-986A-4F007644FBA9">
<createdBy>dlicinio</createdBy>
<createdTime>2021-05-30 23:41:34 UTC</createdTime>
<generatorID>E3025F59-525F-8696-EB24-7B90BC784D12</generatorID>
<ownerDesignName>Magazine</ownerDesignName>
<useDomainConstraints>false</useDomainConstraints>
<use>1</use>
<logicalDatatype>LOGDT019</logicalDatatype>
<dataTypePrecision>30</dataTypePrecision>
<ownDataTypeParameters>,30,</ownDataTypeParameters>
<autoIncrementCycle>false</autoIncrementCycle>
</Column>
<Column name="ds_tipo_telefone" id="8AD7B835-29F7-3A7E-378C-837B66AEA30E">
<createdBy>dlicinio</createdBy>
<createdTime>2021-05-30 23:41:34 UTC</createdTime>
<generatorID>B96616DF-902D-4FEA-E521-896DE32A58E4</generatorID>
<ownerDesignName>Magazine</ownerDesignName>
<useDomainConstraints>false</useDomainConstraints>
<use>1</use>
<logicalDatatype>LOGDT024</logicalDatatype>
<dataTypeSize>50</dataTypeSize>
<ownDataTypeParameters>50,,</ownDataTypeParameters>
<autoIncrementCycle>false</autoIncrementCycle>
</Column>
<Column name="numero_telefone" id="5602BC41-2782-E133-34A2-BF900E2F0209">
<createdBy>dlicinio</createdBy>
<createdTime>2021-05-30 23:41:34 UTC</createdTime>
<generatorID>76285F6C-A14F-CA2B-3F80-AA4F8C0D6CEC</generatorID>
<ownerDesignName>Magazine</ownerDesignName>
<useDomainConstraints>false</useDomainConstraints>
<use>1</use>
<logicalDatatype>LOGDT019</logicalDatatype>
<dataTypePrecision>50</dataTypePrecision>
<ownDataTypeParameters>,50,</ownDataTypeParameters>
<autoIncrementCycle>false</autoIncrementCycle>
</Column>
<Column name="numero_telefone_1" id="10B086AC-E819-7050-93E6-8B7DBAB83987">
<createdBy>dlicinio</createdBy>
<createdTime>2021-05-30 23:41:34 UTC</createdTime>
<generatorID>7329ED54-C4E4-782A-586E-48FDA1318F7E</generatorID>
<ownerDesignName>Magazine</ownerDesignName>
<useDomainConstraints>false</useDomainConstraints>
<use>1</use>
<logicalDatatype>LOGDT019</logicalDatatype>
<dataTypePrecision>50</dataTypePrecision>
<ownDataTypeParameters>,50,</ownDataTypeParameters>
<previousColumn>false</previousColumn>
<autoIncrementCycle>false</autoIncrementCycle>
<associations>
<colAssociation fkAssociation="E6F84ACE-EA6B-4DBF-A860-FEFB7C5A7171" referredColumn="4D3919DC-6BA4-6E7B-2955-F7A904B380C2"/>
</associations>
</Column>
<Column name="id_cliente" id="4FBA9150-2ED8-3D92-60A0-7EEB56ABC2FD">
<createdBy>dlicinio</createdBy>
<createdTime>2021-05-30 23:41:34 UTC</createdTime>
<generatorID>956FF01A-56B5-36AA-6000-3A3755BFB612</generatorID>
<ownerDesignName>Magazine</ownerDesignName>
<useDomainConstraints>false</useDomainConstraints>
<use>1</use>
<logicalDatatype>LOGDT019</logicalDatatype>
<dataTypePrecision>20</dataTypePrecision>
<ownDataTypeParameters>,20,</ownDataTypeParameters>
<previousColumn>false</previousColumn>
<autoIncrementCycle>false</autoIncrementCycle>
<associations>
<colAssociation fkAssociation="10278230-EA8D-2C23-28D2-FBDBB54C0526" referredColumn="2FDF8FE0-B2EA-F21C-23EC-EE431FE2983E"/>
</associations>
</Column>
</columns>
<indexes itemClass="oracle.dbtools.crest.model.design.relational.Index">
<ind_PK_UK id="666654C6-58E7-481D-765D-0D74648F712B" name="TIPO_TELEFONE_CLIENTE_PK">
<createdBy>dlicinio</createdBy>
<createdTime>2021-05-30 23:41:34 UTC</createdTime>
<generatorID>F0D91B61-1F55-DF90-8506-6453FB6453C6</generatorID>
<ownerDesignName>Magazine</ownerDesignName>
<pk>true</pk>
<indexState>Primary Constraint</indexState>
<isSurrogateKey>false</isSurrogateKey>
<indexColumnUsage>
<colUsage columnID="0B4FCB2A-3CE7-376B-986A-4F007644FBA9"/>
</indexColumnUsage>
</ind_PK_UK>
<ind_PK_UK id="D5B0063C-C8BB-D72E-B7B3-159FF1E8E2BC" name="TIPO_TELEFONE_CLIENTE_CLIENTE_FK">
<createdBy>dlicinio</createdBy>
<createdTime>2021-05-30 23:41:34 UTC</createdTime>
<generatorID>6B0D8B1F-21F1-92B1-2729-17E018DD8D3F</generatorID>
<ownerDesignName>Magazine</ownerDesignName>
<indexState>Foreign Key</indexState>
<isSurrogateKey>false</isSurrogateKey>
<indexColumnUsage>
<colUsage columnID="4FBA9150-2ED8-3D92-60A0-7EEB56ABC2FD"/>
</indexColumnUsage>
</ind_PK_UK>
<ind_PK_UK id="AD57CF74-7A04-0147-19CD-749806913D1F" name="TIPO_TELEFONE_CLIENTE_TELEFONE_CLIENTE_FK">
<createdBy>dlicinio</createdBy>
<createdTime>2021-05-30 23:41:34 UTC</createdTime>
<generatorID>83969015-810B-C932-5840-E20C91268797</generatorID>
<ownerDesignName>Magazine</ownerDesignName>
<indexState>Foreign Key</indexState>
<isSurrogateKey>false</isSurrogateKey>
<indexColumnUsage>
<colUsage columnID="10B086AC-E819-7050-93E6-8B7DBAB83987"/>
</indexColumnUsage>
</ind_PK_UK>
</indexes>
</Table>