<?xml version = '1.0' encoding = 'UTF-8'?>
<Table class="oracle.dbtools.crest.model.design.relational.Table" directorySegmentName="seg_0" id="63005D41-1EA8-51A6-B93F-CE7B54CA127C" name="PEDIDO">
<createdBy>dlicinio</createdBy>
<createdTime>2021-05-30 23:41:34 UTC</createdTime>
<generatorID>0C46A16F-2954-3A9A-612C-C08F98B9ED51</generatorID>
<ownerDesignName>Magazine</ownerDesignName>
<allowColumnReorder>false</allowColumnReorder>
<existDependencyGenerateInDDl>true</existDependencyGenerateInDDl>
<parsed>true</parsed>
<columns itemClass="oracle.dbtools.crest.model.design.relational.Column">
<Column name="id_pedido" id="798FE566-A81E-0C00-84BF-C5F0DB852013">
<createdBy>dlicinio</createdBy>
<createdTime>2021-05-30 23:41:34 UTC</createdTime>
<generatorID>82D34782-65C3-FB74-2BF6-279D87A23733</generatorID>
<ownerDesignName>Magazine</ownerDesignName>
<useDomainConstraints>false</useDomainConstraints>
<use>1</use>
<logicalDatatype>LOGDT019</logicalDatatype>
<dataTypePrecision>30</dataTypePrecision>
<ownDataTypeParameters>,30,</ownDataTypeParameters>
<autoIncrementCycle>false</autoIncrementCycle>
</Column>
<Column name="data_pedido" id="CD183023-3B94-3708-7AD1-45F3D74A2ED8">
<createdBy>dlicinio</createdBy>
<createdTime>2021-05-30 23:41:34 UTC</createdTime>
<generatorID>5FFF4792-B1C7-D6EA-C6EF-8E6BD89C6F87</generatorID>
<ownerDesignName>Magazine</ownerDesignName>
<useDomainConstraints>false</useDomainConstraints>
<use>1</use>
<logicalDatatype>LOGDT007</logicalDatatype>
<ownDataTypeParameters>,,</ownDataTypeParameters>
<autoIncrementCycle>false</autoIncrementCycle>
</Column>
<Column name="desconto" id="900A6BEE-88C5-2926-1EC5-6DAE2DA513B9">
<createdBy>dlicinio</createdBy>
<createdTime>2021-05-30 23:41:34 UTC</createdTime>
<generatorID>4ECBF56B-D0A2-EBD7-252D-08DF081950E3</generatorID>
<ownerDesignName>Magazine</ownerDesignName>
<useDomainConstraints>false</useDomainConstraints>
<use>1</use>
<logicalDatatype>LOGDT019</logicalDatatype>
<dataTypePrecision>30</dataTypePrecision>
<ownDataTypeParameters>,30,</ownDataTypeParameters>
<autoIncrementCycle>false</autoIncrementCycle>
</Column>
<Column name="id_loja" id="3C410AB7-A28B-B3B1-A2BC-2E29BBD9B329">
<createdBy>dlicinio</createdBy>
<createdTime>2021-05-30 23:41:34 UTC</createdTime>
<generatorID>2308702B-3B16-853B-6B9A-500B42733626</generatorID>
<ownerDesignName>Magazine</ownerDesignName>
<useDomainConstraints>false</useDomainConstraints>
<use>1</use>
<logicalDatatype>LOGDT019</logicalDatatype>
<dataTypePrecision>30</dataTypePrecision>
<ownDataTypeParameters>,30,</ownDataTypeParameters>
<previousColumn>false</previousColumn>
<autoIncrementCycle>false</autoIncrementCycle>
<associations>
<colAssociation fkAssociation="82A567C0-4402-6640-9E0E-5D1F02F9FBC4" referredColumn="8F614055-1831-832E-8E48-849B7889D800"/>
</associations>
</Column>
<Column name="id_cliente" id="F4B17BDA-8340-B8E4-2EC8-5C6A2E06D1AC">
<createdBy>dlicinio</createdBy>
<createdTime>2021-05-30 23:41:34 UTC</createdTime>
<generatorID>9E89F391-DE18-004F-EBD4-8FF879F582B3</generatorID>
<ownerDesignName>Magazine</ownerDesignName>
<useDomainConstraints>false</useDomainConstraints>
<use>1</use>
<logicalDatatype>LOGDT019</logicalDatatype>
<dataTypePrecision>20</dataTypePrecision>
<ownDataTypeParameters>,20,</ownDataTypeParameters>
<previousColumn>false</previousColumn>
<autoIncrementCycle>false</autoIncrementCycle>
<associations>
<colAssociation fkAssociation="7C16F9F6-7C26-7CD4-9A8C-6A159E5D66E6" referredColumn="2FDF8FE0-B2EA-F21C-23EC-EE431FE2983E"/>
</associations>
</Column>
<Column name="id_funcionario" id="9A61EB7B-2A5D-5240-2965-8416A4B856D8">
<createdBy>dlicinio</createdBy>
<createdTime>2021-05-30 23:41:34 UTC</createdTime>
<generatorID>A63FB400-AA9E-3C48-534B-FDB18F2EF34D</generatorID>
<ownerDesignName>Magazine</ownerDesignName>
<useDomainConstraints>false</useDomainConstraints>
<use>1</use>
<logicalDatatype>LOGDT019</logicalDatatype>
<dataTypePrecision>30</dataTypePrecision>
<ownDataTypeParameters>,30,</ownDataTypeParameters>
<previousColumn>false</previousColumn>
<autoIncrementCycle>false</autoIncrementCycle>
<associations>
<colAssociation fkAssociation="C28C69A5-3A5E-0465-DCA0-8CD3E307BBCF" referredColumn="734A953F-A06C-A54A-7AD5-EFFEAA12947C"/>
</associations>
</Column>
<Column name="id_reserva" id="8AC1E251-DB8C-7CD8-33A5-B7D81F7B2D92">
<createdBy>dlicinio</createdBy>
<createdTime>2021-05-30 23:41:34 UTC</createdTime>
<generatorID>EDDF2FA7-A2EC-EFC7-56CE-83C33EA81D6B</generatorID>
<ownerDesignName>Magazine</ownerDesignName>
<useDomainConstraints>false</useDomainConstraints>
<use>1</use>
<logicalDatatype>LOGDT019</logicalDatatype>
<dataTypePrecision>20</dataTypePrecision>
<ownDataTypeParameters>,20,</ownDataTypeParameters>
<previousColumn>false</previousColumn>
<autoIncrementCycle>false</autoIncrementCycle>
<associations>
<colAssociation fkAssociation="DD23F580-9A9E-57F1-AB96-71BC05AE189C" referredColumn="E5F9DEC1-9351-9147-1FD8-BE9A79CDC4B7"/>
</associations>
</Column>
</columns>
<indexes itemClass="oracle.dbtools.crest.model.design.relational.Index">
<ind_PK_UK id="2DBFECB3-D55B-94E9-D841-D4D8A8443A51" name="PEDIDO_PK">
<createdBy>dlicinio</createdBy>
<createdTime>2021-05-30 23:41:34 UTC</createdTime>
<generatorID>AF1A7565-84DE-3F70-D0D7-5DCA8410DC30</generatorID>
<ownerDesignName>Magazine</ownerDesignName>
<pk>true</pk>
<indexState>Primary Constraint</indexState>
<isSurrogateKey>false</isSurrogateKey>
<indexColumnUsage>
<colUsage columnID="798FE566-A81E-0C00-84BF-C5F0DB852013"/>
</indexColumnUsage>
</ind_PK_UK>
<ind_PK_UK id="CB998926-FD24-5C74-BA91-70EC87BAB5FA" name="PEDIDO_LOJA_FK">
<createdBy>dlicinio</createdBy>
<createdTime>2021-05-30 23:41:34 UTC</createdTime>
<generatorID>CE27A24D-57B0-B69D-AB87-B7E7A1DDBAA7</generatorID>
<ownerDesignName>Magazine</ownerDesignName>
<indexState>Foreign Key</indexState>
<isSurrogateKey>false</isSurrogateKey>
<indexColumnUsage>
<colUsage columnID="3C410AB7-A28B-B3B1-A2BC-2E29BBD9B329"/>
</indexColumnUsage>
</ind_PK_UK>
<ind_PK_UK id="3081BAC4-9F76-F195-EDB0-E1CB3C8C0CE5" name="PEDIDO_CLIENTE_FK">
<createdBy>dlicinio</createdBy>
<createdTime>2021-05-30 23:41:34 UTC</createdTime>
<generatorID>CB081794-8F55-7E07-1522-1379AA42909D</generatorID>
<ownerDesignName>Magazine</ownerDesignName>
<indexState>Foreign Key</indexState>
<isSurrogateKey>false</isSurrogateKey>
<indexColumnUsage>
<colUsage columnID="F4B17BDA-8340-B8E4-2EC8-5C6A2E06D1AC"/>
</indexColumnUsage>
</ind_PK_UK>
<ind_PK_UK id="8D206C33-B279-B39D-C5CF-57A41B76B931" name="PEDIDO_FUNCIONÁRIOS_FK">
<createdBy>dlicinio</createdBy>
<createdTime>2021-05-30 23:41:34 UTC</createdTime>
<generatorID>7023832C-2093-622B-58FA-4F9253AD73BB</generatorID>
<ownerDesignName>Magazine</ownerDesignName>
<indexState>Foreign Key</indexState>
<isSurrogateKey>false</isSurrogateKey>
<indexColumnUsage>
<colUsage columnID="9A61EB7B-2A5D-5240-2965-8416A4B856D8"/>
</indexColumnUsage>
</ind_PK_UK>
<ind_PK_UK id="BD8E3D3C-81D6-8FF6-8698-B865F0821E54" name="PEDIDO_RESERVA_FK">
<createdBy>dlicinio</createdBy>
<createdTime>2021-05-30 23:41:34 UTC</createdTime>
<generatorID>F1DBD03F-C346-9993-CC08-1B18B5EC22BE</generatorID>
<ownerDesignName>Magazine</ownerDesignName>
<indexState>Foreign Key</indexState>
<isSurrogateKey>false</isSurrogateKey>
<indexColumnUsage>
<colUsage columnID="8AC1E251-DB8C-7CD8-33A5-B7D81F7B2D92"/>
</indexColumnUsage>
</ind_PK_UK>
</indexes>
</Table>