<?xml version = '1.0' encoding = 'UTF-8'?>
<Table class="oracle.dbtools.crest.model.design.relational.Table" directorySegmentName="seg_0" id="90186802-829D-8778-6BCF-40B20C549C83" name="ITENS_PENDENTES_APROVACAO">
<createdBy>dlicinio</createdBy>
<createdTime>2021-05-30 23:41:34 UTC</createdTime>
<generatorID>D9341DA6-BDDC-A676-41EA-21227139D82F</generatorID>
<ownerDesignName>Magazine</ownerDesignName>
<allowColumnReorder>false</allowColumnReorder>
<existDependencyGenerateInDDl>true</existDependencyGenerateInDDl>
<parsed>true</parsed>
<columns itemClass="oracle.dbtools.crest.model.design.relational.Column">
<Column name="id_produto" id="E2225EE8-DB99-EDC9-C187-E6B466E44C15">
<createdBy>dlicinio</createdBy>
<createdTime>2021-05-30 23:41:34 UTC</createdTime>
<generatorID>C6F7055B-D6E1-37F9-77FB-AD1550C4B90D</generatorID>
<ownerDesignName>Magazine</ownerDesignName>
<useDomainConstraints>false</useDomainConstraints>
<use>1</use>
<logicalDatatype>LOGDT019</logicalDatatype>
<dataTypePrecision>20</dataTypePrecision>
<ownDataTypeParameters>,20,</ownDataTypeParameters>
<previousColumn>false</previousColumn>
<autoIncrementCycle>false</autoIncrementCycle>
<associations>
<colAssociation fkAssociation="44B70005-0E3A-764E-CFA9-E9960956DFF3" referredColumn="B332241B-F027-BCBF-A7CB-448A7837CB82"/>
</associations>
</Column>
<Column name="status_aprovacao" id="851EB40C-4C47-F160-24B0-FE0814238424">
<createdBy>dlicinio</createdBy>
<createdTime>2021-05-30 23:41:34 UTC</createdTime>
<generatorID>96D1AC33-8435-661B-DCFC-2B8FC72970A9</generatorID>
<ownerDesignName>Magazine</ownerDesignName>
<useDomainConstraints>false</useDomainConstraints>
<use>1</use>
<logicalDatatype>LOGDT006</logicalDatatype>
<dataTypeSize>1</dataTypeSize>
<ownDataTypeParameters>1,,</ownDataTypeParameters>
<autoIncrementCycle>false</autoIncrementCycle>
</Column>
<Column name="id_funcionario" id="B182E4F5-8D8B-EC92-C0E1-0C8A9C9466C8">
<createdBy>dlicinio</createdBy>
<createdTime>2021-05-30 23:41:34 UTC</createdTime>
<generatorID>1829B8C0-118C-58E1-1E4E-D366010E648C</generatorID>
<ownerDesignName>Magazine</ownerDesignName>
<useDomainConstraints>false</useDomainConstraints>
<use>1</use>
<logicalDatatype>LOGDT019</logicalDatatype>
<dataTypePrecision>30</dataTypePrecision>
<ownDataTypeParameters>,30,</ownDataTypeParameters>
<previousColumn>false</previousColumn>
<autoIncrementCycle>false</autoIncrementCycle>
<associations>
<colAssociation fkAssociation="79861870-BF3F-DD4E-50CB-2069B1EFF446" referredColumn="734A953F-A06C-A54A-7AD5-EFFEAA12947C"/>
</associations>
</Column>
</columns>
<indexes itemClass="oracle.dbtools.crest.model.design.relational.Index">
<ind_PK_UK id="21A2EE91-F937-3FFE-599B-68E79C0C52F9" name="ITENS_PENDENTES_APROVACAO__IDX">
<createdBy>dlicinio</createdBy>
<createdTime>2021-05-30 23:41:34 UTC</createdTime>
<ownerDesignName>Magazine</ownerDesignName>
<indexState>Unique Plain Index</indexState>
<isSurrogateKey>false</isSurrogateKey>
<relationGeneratorID>1A82062E-1E83-6586-5B29-6729A55CB79F</relationGeneratorID>
<indexColumnUsage>
<colUsage columnID="E2225EE8-DB99-EDC9-C187-E6B466E44C15"/>
</indexColumnUsage>
</ind_PK_UK>
<ind_PK_UK id="B1C7E669-BB15-6088-361E-ACCDD4BCD01A" name="ITENS_PENDENTES_APROVACAO_ITENS_PEDIDO_FK">
<createdBy>dlicinio</createdBy>
<createdTime>2021-05-30 23:41:34 UTC</createdTime>
<generatorID>1A82062E-1E83-6586-5B29-6729A55CB79F</generatorID>
<ownerDesignName>Magazine</ownerDesignName>
<indexState>Foreign Key</indexState>
<isSurrogateKey>false</isSurrogateKey>
<indexColumnUsage>
<colUsage columnID="E2225EE8-DB99-EDC9-C187-E6B466E44C15"/>
</indexColumnUsage>
</ind_PK_UK>
<ind_PK_UK id="6DD475D6-A2C9-9F42-FDB0-BA00527B9E75" name="ITENS_PENDENTES_APROVACAO_FUNCIONÁRIOS_FK">
<createdBy>dlicinio</createdBy>
<createdTime>2021-05-30 23:41:34 UTC</createdTime>
<generatorID>F5CE50BA-25C1-2804-A8D1-725BC5C276D1</generatorID>
<ownerDesignName>Magazine</ownerDesignName>
<indexState>Foreign Key</indexState>
<isSurrogateKey>false</isSurrogateKey>
<indexColumnUsage>
<colUsage columnID="B182E4F5-8D8B-EC92-C0E1-0C8A9C9466C8"/>
</indexColumnUsage>
</ind_PK_UK>
</indexes>
</Table>