<?xml version = '1.0' encoding = 'UTF-8'?>
<Table class="oracle.dbtools.crest.model.design.relational.Table" directorySegmentName="seg_0" id="9FA23377-5BE3-BF43-6FEA-A20CBEBA5677" name="GENERO">
<createdBy>dlicinio</createdBy>
<createdTime>2021-05-30 23:41:34 UTC</createdTime>
<generatorID>7E4718AE-C9E8-5005-D97D-D660BB0252EE</generatorID>
<ownerDesignName>Magazine</ownerDesignName>
<allowColumnReorder>false</allowColumnReorder>
<existDependencyGenerateInDDl>true</existDependencyGenerateInDDl>
<parsed>true</parsed>
<columns itemClass="oracle.dbtools.crest.model.design.relational.Column">
<Column name="id_genero" id="779F91F1-491F-C932-3ECE-DD4FA548F687">
<createdBy>dlicinio</createdBy>
<createdTime>2021-05-30 23:41:34 UTC</createdTime>
<generatorID>0029D30C-4591-4BD4-13B3-627FFEB76A78</generatorID>
<ownerDesignName>Magazine</ownerDesignName>
<useDomainConstraints>false</useDomainConstraints>
<use>1</use>
<logicalDatatype>LOGDT019</logicalDatatype>
<dataTypePrecision>20</dataTypePrecision>
<ownDataTypeParameters>,20,</ownDataTypeParameters>
<autoIncrementCycle>false</autoIncrementCycle>
</Column>
<Column name="ds_genero" id="422C2A4E-9DAD-9D99-C39D-5AADDA98EE7D">
<createdBy>dlicinio</createdBy>
<createdTime>2021-05-30 23:41:34 UTC</createdTime>
<generatorID>E15F7D1C-B47C-AD3B-9754-EE5213C7FB97</generatorID>
<ownerDesignName>Magazine</ownerDesignName>
<useDomainConstraints>false</useDomainConstraints>
<use>1</use>
<logicalDatatype>LOGDT024</logicalDatatype>
<dataTypeSize>50</dataTypeSize>
<ownDataTypeParameters>50,,</ownDataTypeParameters>
<autoIncrementCycle>false</autoIncrementCycle>
</Column>
</columns>
<indexes itemClass="oracle.dbtools.crest.model.design.relational.Index">
<ind_PK_UK id="F19E92C4-82CA-C476-2DFD-F8A2CA042B7A" name="GENERO_PK">
<createdBy>dlicinio</createdBy>
<createdTime>2021-05-30 23:41:34 UTC</createdTime>
<generatorID>15131757-5F3E-EF44-527C-3F17EA918044</generatorID>
<ownerDesignName>Magazine</ownerDesignName>
<pk>true</pk>
<indexState>Primary Constraint</indexState>
<isSurrogateKey>false</isSurrogateKey>
<indexColumnUsage>
<colUsage columnID="779F91F1-491F-C932-3ECE-DD4FA548F687"/>
</indexColumnUsage>
</ind_PK_UK>
</indexes>
</Table>