<?xml version = '1.0' encoding = 'UTF-8'?>
<Table class="oracle.dbtools.crest.model.design.relational.Table" directorySegmentName="seg_0" id="B0C72517-3C11-6A37-4AF6-7D48EE189052" name="TIPO_TELEFONE_LOJA">
<createdBy>dlicinio</createdBy>
<createdTime>2021-05-30 23:41:34 UTC</createdTime>
<generatorID>C77B754C-AADB-8C6E-DD21-4BC4157FDF1D</generatorID>
<ownerDesignName>Magazine</ownerDesignName>
<allowColumnReorder>false</allowColumnReorder>
<existDependencyGenerateInDDl>true</existDependencyGenerateInDDl>
<parsed>true</parsed>
<columns itemClass="oracle.dbtools.crest.model.design.relational.Column">
<Column name="id_tipo_telefone" id="4ECADD6F-8834-BD35-D1AD-25A3B7A01440">
<createdBy>dlicinio</createdBy>
<createdTime>2021-05-30 23:41:34 UTC</createdTime>
<generatorID>0DF529E9-E30B-60B1-33A1-694E785B3C1E</generatorID>
<ownerDesignName>Magazine</ownerDesignName>
<useDomainConstraints>false</useDomainConstraints>
<use>1</use>
<logicalDatatype>LOGDT019</logicalDatatype>
<dataTypePrecision>30</dataTypePrecision>
<ownDataTypeParameters>,30,</ownDataTypeParameters>
<autoIncrementCycle>false</autoIncrementCycle>
</Column>
<Column name="ds_tipo_telefone" id="F1D6F2F9-E2E5-2E8F-D533-5724AC06F82F">
<createdBy>dlicinio</createdBy>
<createdTime>2021-05-30 23:41:34 UTC</createdTime>
<generatorID>A1752D29-BC6F-B512-4B5A-FF486F998EC9</generatorID>
<ownerDesignName>Magazine</ownerDesignName>
<useDomainConstraints>false</useDomainConstraints>
<use>1</use>
<logicalDatatype>LOGDT024</logicalDatatype>
<dataTypeSize>50</dataTypeSize>
<ownDataTypeParameters>50,,</ownDataTypeParameters>
<autoIncrementCycle>false</autoIncrementCycle>
</Column>
<Column name="numero_telefone" id="08327D57-DA50-1005-2900-6FBDF02CC4E0">
<createdBy>dlicinio</createdBy>
<createdTime>2021-05-30 23:41:34 UTC</createdTime>
<generatorID>2903C4FE-F8DB-FE68-A9FB-6E14E918A9F0</generatorID>
<ownerDesignName>Magazine</ownerDesignName>
<useDomainConstraints>false</useDomainConstraints>
<use>1</use>
<logicalDatatype>LOGDT019</logicalDatatype>
<dataTypePrecision>50</dataTypePrecision>
<ownDataTypeParameters>,50,</ownDataTypeParameters>
<previousColumn>false</previousColumn>
<autoIncrementCycle>false</autoIncrementCycle>
<associations>
<colAssociation fkAssociation="818A138B-1470-533A-7E91-E46406686FB9" referredColumn="CCF01CD1-4636-B6D8-A8A3-D47E698DD04E"/>
</associations>
</Column>
</columns>
<indexes itemClass="oracle.dbtools.crest.model.design.relational.Index">
<ind_PK_UK id="9062FC9B-BD47-F85C-D7E1-8E843E8D8C69" name="TIPO_TELEFONE_LOJA_PK">
<createdBy>dlicinio</createdBy>
<createdTime>2021-05-30 23:41:34 UTC</createdTime>
<generatorID>B60D77A4-9736-4BCE-B754-AC38F967C32C</generatorID>
<ownerDesignName>Magazine</ownerDesignName>
<pk>true</pk>
<indexState>Primary Constraint</indexState>
<isSurrogateKey>false</isSurrogateKey>
<indexColumnUsage>
<colUsage columnID="4ECADD6F-8834-BD35-D1AD-25A3B7A01440"/>
</indexColumnUsage>
</ind_PK_UK>
<ind_PK_UK id="87130B40-11FC-49CD-F73A-31F10F78C318" name="TIPO_TELEFONE_LOJA_TELEFONE_LOJA_FK">
<createdBy>dlicinio</createdBy>
<createdTime>2021-05-30 23:41:34 UTC</createdTime>
<generatorID>916D05C4-C4E9-C14F-908B-0181460866F1</generatorID>
<ownerDesignName>Magazine</ownerDesignName>
<indexState>Foreign Key</indexState>
<isSurrogateKey>false</isSurrogateKey>
<indexColumnUsage>
<colUsage columnID="08327D57-DA50-1005-2900-6FBDF02CC4E0"/>
</indexColumnUsage>
</ind_PK_UK>
</indexes>
</Table>