<?xml version = '1.0' encoding = 'UTF-8'?>
<Table class="oracle.dbtools.crest.model.design.relational.Table" directorySegmentName="seg_0" id="C4BEEDC1-F592-C890-AB81-B4A79E108A3F" name="ESTOQUE">
<createdBy>dlicinio</createdBy>
<createdTime>2021-05-30 23:41:34 UTC</createdTime>
<generatorID>582572BC-2D55-EA44-967C-C3BFBCC75E29</generatorID>
<ownerDesignName>Magazine</ownerDesignName>
<allowColumnReorder>false</allowColumnReorder>
<existDependencyGenerateInDDl>true</existDependencyGenerateInDDl>
<parsed>true</parsed>
<columns itemClass="oracle.dbtools.crest.model.design.relational.Column">
<Column name="id_loja" id="025ADFD2-442E-986B-44A3-6B556C5052BD">
<createdBy>dlicinio</createdBy>
<createdTime>2021-05-30 23:41:34 UTC</createdTime>
<generatorID>A5DAD387-5CBB-41C5-793E-A9FB26583041</generatorID>
<ownerDesignName>Magazine</ownerDesignName>
<useDomainConstraints>false</useDomainConstraints>
<use>1</use>
<logicalDatatype>LOGDT019</logicalDatatype>
<dataTypePrecision>30</dataTypePrecision>
<ownDataTypeParameters>,30,</ownDataTypeParameters>
<previousColumn>false</previousColumn>
<autoIncrementCycle>false</autoIncrementCycle>
<associations>
<colAssociation fkAssociation="95AA7609-747B-EC7E-B6BC-DE6634F2A25E" referredColumn="8F614055-1831-832E-8E48-849B7889D800"/>
</associations>
</Column>
<Column name="id_produto" id="BF45FE47-91E8-789F-F10E-5090FFD8FF65">
<createdBy>dlicinio</createdBy>
<createdTime>2021-05-30 23:41:34 UTC</createdTime>
<generatorID>B1F0C857-7B83-4B47-8656-9C5CC6442F55</generatorID>
<ownerDesignName>Magazine</ownerDesignName>
<useDomainConstraints>false</useDomainConstraints>
<use>1</use>
<logicalDatatype>LOGDT019</logicalDatatype>
<dataTypePrecision>20</dataTypePrecision>
<ownDataTypeParameters>,20,</ownDataTypeParameters>
<previousColumn>false</previousColumn>
<autoIncrementCycle>false</autoIncrementCycle>
<associations>
<colAssociation fkAssociation="C5F1B07C-C724-F429-CF98-98AA59D5378E" referredColumn="5BD58733-B7D0-4E57-6FAF-85BF958E4315"/>
</associations>
</Column>
<Column name="quantidade" id="D2D354C7-0FB9-66BD-2107-C88FDED8EE25">
<createdBy>dlicinio</createdBy>
<createdTime>2021-05-30 23:41:34 UTC</createdTime>
<generatorID>9BAE1600-FE6C-7912-A600-6AD2D47A69E7</generatorID>
<ownerDesignName>Magazine</ownerDesignName>
<useDomainConstraints>false</useDomainConstraints>
<use>1</use>
<logicalDatatype>LOGDT019</logicalDatatype>
<dataTypePrecision>100</dataTypePrecision>
<ownDataTypeParameters>,100,</ownDataTypeParameters>
<autoIncrementCycle>false</autoIncrementCycle>
</Column>
</columns>
<indexes itemClass="oracle.dbtools.crest.model.design.relational.Index">
<ind_PK_UK id="DB7EF8D0-A608-D118-A79A-9F8C30F37F13" name="ESTOQUE__IDX">
<createdBy>dlicinio</createdBy>
<createdTime>2021-05-30 23:41:34 UTC</createdTime>
<ownerDesignName>Magazine</ownerDesignName>
<indexState>Unique Plain Index</indexState>
<isSurrogateKey>false</isSurrogateKey>
<relationGeneratorID>63337363-85FE-005A-DB7B-A3FE614AE20F</relationGeneratorID>
<indexColumnUsage>
<colUsage columnID="025ADFD2-442E-986B-44A3-6B556C5052BD"/>
</indexColumnUsage>
</ind_PK_UK>
<ind_PK_UK id="0EDF457E-7DF7-D68E-2965-BE84435DB426" name="ESTOQUE_LOJA_FK">
<createdBy>dlicinio</createdBy>
<createdTime>2021-05-30 23:41:34 UTC</createdTime>
<generatorID>63337363-85FE-005A-DB7B-A3FE614AE20F</generatorID>
<ownerDesignName>Magazine</ownerDesignName>
<indexState>Foreign Key</indexState>
<isSurrogateKey>false</isSurrogateKey>
<indexColumnUsage>
<colUsage columnID="025ADFD2-442E-986B-44A3-6B556C5052BD"/>
</indexColumnUsage>
</ind_PK_UK>
<ind_PK_UK id="906A0519-29E8-7453-6034-F4FC165EEF8C" name="ESTOQUE_PRODUTO_FK">
<createdBy>dlicinio</createdBy>
<createdTime>2021-05-30 23:41:34 UTC</createdTime>
<generatorID>1D90C2C8-CE16-B019-0E32-16A8F95F7E69</generatorID>
<ownerDesignName>Magazine</ownerDesignName>
<indexState>Foreign Key</indexState>
<isSurrogateKey>false</isSurrogateKey>
<indexColumnUsage>
<colUsage columnID="BF45FE47-91E8-789F-F10E-5090FFD8FF65"/>
</indexColumnUsage>
</ind_PK_UK>
</indexes>
</Table>