<?xml version = '1.0' encoding = 'UTF-8'?>
<Table class="oracle.dbtools.crest.model.design.relational.Table" directorySegmentName="seg_0" id="CC33DE44-8368-C1C7-D0A3-F5F180DA6E47" name="PRODUTO">
<createdBy>dlicinio</createdBy>
<createdTime>2021-05-30 23:41:34 UTC</createdTime>
<generatorID>C932F201-AC6C-E78F-52BC-FCFF529A445D</generatorID>
<ownerDesignName>Magazine</ownerDesignName>
<allowColumnReorder>false</allowColumnReorder>
<existDependencyGenerateInDDl>true</existDependencyGenerateInDDl>
<parsed>true</parsed>
<columns itemClass="oracle.dbtools.crest.model.design.relational.Column">
<Column name="id_produto" id="5BD58733-B7D0-4E57-6FAF-85BF958E4315">
<createdBy>dlicinio</createdBy>
<createdTime>2021-05-30 23:41:34 UTC</createdTime>
<generatorID>7712C3BB-E96C-D634-1703-9A158828B38D</generatorID>
<ownerDesignName>Magazine</ownerDesignName>
<useDomainConstraints>false</useDomainConstraints>
<use>1</use>
<logicalDatatype>LOGDT019</logicalDatatype>
<dataTypePrecision>20</dataTypePrecision>
<ownDataTypeParameters>,20,</ownDataTypeParameters>
<autoIncrementCycle>false</autoIncrementCycle>
</Column>
<Column name="valor_unitario" id="65F616D6-9EEE-546D-4331-B3EBC4368396">
<createdBy>dlicinio</createdBy>
<createdTime>2021-05-30 23:41:34 UTC</createdTime>
<generatorID>B2C7D225-7502-6C40-BB33-0DD4D2AF91C7</generatorID>
<ownerDesignName>Magazine</ownerDesignName>
<useDomainConstraints>false</useDomainConstraints>
<use>1</use>
<logicalDatatype>LOGDT019</logicalDatatype>
<dataTypePrecision>50</dataTypePrecision>
<ownDataTypeParameters>,50,</ownDataTypeParameters>
<autoIncrementCycle>false</autoIncrementCycle>
</Column>
<Column name="id_tamanho" id="FDA58D9F-8283-0719-284D-971B0E4FEBE2">
<createdBy>dlicinio</createdBy>
<createdTime>2021-05-30 23:41:34 UTC</createdTime>
<generatorID>0B5BED2B-7730-68EB-1FFC-DDBB02F4CC65</generatorID>
<ownerDesignName>Magazine</ownerDesignName>
<useDomainConstraints>false</useDomainConstraints>
<use>1</use>
<logicalDatatype>LOGDT019</logicalDatatype>
<dataTypePrecision>20</dataTypePrecision>
<ownDataTypeParameters>,20,</ownDataTypeParameters>
<previousColumn>false</previousColumn>
<autoIncrementCycle>false</autoIncrementCycle>
<associations>
<colAssociation fkAssociation="74424215-AAB9-D4FE-EBC6-89A0307FED69" referredColumn="6324A9AD-E246-11DA-02ED-9567B6BED5C6"/>
</associations>
</Column>
<Column name="id_genero" id="4CEBEEAD-860D-C2F0-4EB6-B43C7F9AF657">
<createdBy>dlicinio</createdBy>
<createdTime>2021-05-30 23:41:34 UTC</createdTime>
<generatorID>C6CB0ACD-FD04-25FC-A090-0BBC54B7767D</generatorID>
<ownerDesignName>Magazine</ownerDesignName>
<useDomainConstraints>false</useDomainConstraints>
<use>1</use>
<logicalDatatype>LOGDT019</logicalDatatype>
<dataTypePrecision>20</dataTypePrecision>
<ownDataTypeParameters>,20,</ownDataTypeParameters>
<previousColumn>false</previousColumn>
<autoIncrementCycle>false</autoIncrementCycle>
<associations>
<colAssociation fkAssociation="3BD51148-563F-A704-1694-846B33C536A7" referredColumn="779F91F1-491F-C932-3ECE-DD4FA548F687"/>
</associations>
</Column>
<Column name="id_cor" id="5D8ABAC9-C9AF-8EA5-E1CF-1058AE04C761">
<createdBy>dlicinio</createdBy>
<createdTime>2021-05-30 23:41:34 UTC</createdTime>
<generatorID>587CC446-8A7E-4F0E-3DFC-3CB28857C181</generatorID>
<ownerDesignName>Magazine</ownerDesignName>
<useDomainConstraints>false</useDomainConstraints>
<use>1</use>
<logicalDatatype>LOGDT019</logicalDatatype>
<dataTypePrecision>20</dataTypePrecision>
<ownDataTypeParameters>,20,</ownDataTypeParameters>
<previousColumn>false</previousColumn>
<autoIncrementCycle>false</autoIncrementCycle>
<associations>
<colAssociation fkAssociation="351B7E3B-193D-0B7E-4FAE-B929F77009CD" referredColumn="2C05AB06-D318-2ED5-9E71-9CBF25A58EA2"/>
</associations>
</Column>
<Column name="id_marca" id="85A8E306-CB9A-EE00-99AE-4A5314FCF9FA">
<createdBy>dlicinio</createdBy>
<createdTime>2021-05-30 23:41:34 UTC</createdTime>
<generatorID>A0D1F8D3-1C87-0451-DF67-E9A52BF78B6F</generatorID>
<ownerDesignName>Magazine</ownerDesignName>
<useDomainConstraints>false</useDomainConstraints>
<use>1</use>
<logicalDatatype>LOGDT019</logicalDatatype>
<dataTypePrecision>20</dataTypePrecision>
<ownDataTypeParameters>,20,</ownDataTypeParameters>
<previousColumn>false</previousColumn>
<autoIncrementCycle>false</autoIncrementCycle>
<associations>
<colAssociation fkAssociation="D390A219-E650-E4B3-8750-EE0F74A687C7" referredColumn="B8F79979-1A8C-3D1F-5C3E-3C78BD305230"/>
</associations>
</Column>
<Column name="id_tipo_produto" id="BFF5F653-93A8-2F5D-5354-2FDE09E98BBB">
<createdBy>dlicinio</createdBy>
<createdTime>2021-05-30 23:41:34 UTC</createdTime>
<generatorID>4E47A393-C0DE-A0A3-88C4-642DEE7ED1F2</generatorID>
<ownerDesignName>Magazine</ownerDesignName>
<useDomainConstraints>false</useDomainConstraints>
<use>1</use>
<logicalDatatype>LOGDT019</logicalDatatype>
<dataTypePrecision>50</dataTypePrecision>
<ownDataTypeParameters>,50,</ownDataTypeParameters>
<previousColumn>false</previousColumn>
<autoIncrementCycle>false</autoIncrementCycle>
<associations>
<colAssociation fkAssociation="7EA60311-5C2C-97DB-91B0-D9E184121EF7" referredColumn="147CE23D-AF2C-05D0-A9D6-240BC654022E"/>
</associations>
</Column>
</columns>
<indexes itemClass="oracle.dbtools.crest.model.design.relational.Index">
<ind_PK_UK id="C5C2940A-BCEE-7F8E-81E0-921B924A5B74" name="PRODUTO_PK">
<createdBy>dlicinio</createdBy>
<createdTime>2021-05-30 23:41:34 UTC</createdTime>
<generatorID>ACFB28D5-8F66-3B42-6DB6-9FE285EB96C7</generatorID>
<ownerDesignName>Magazine</ownerDesignName>
<pk>true</pk>
<indexState>Primary Constraint</indexState>
<isSurrogateKey>false</isSurrogateKey>
<indexColumnUsage>
<colUsage columnID="5BD58733-B7D0-4E57-6FAF-85BF958E4315"/>
</indexColumnUsage>
</ind_PK_UK>
<ind_PK_UK id="9995AF1D-B3A2-D0EA-ECDF-35ABA333EEAD" name="PRODUTO_TAMANHO_FK">
<createdBy>dlicinio</createdBy>
<createdTime>2021-05-30 23:41:34 UTC</createdTime>
<generatorID>D0E5C2F4-3F69-C680-8A33-5EC8A784DC44</generatorID>
<ownerDesignName>Magazine</ownerDesignName>
<indexState>Foreign Key</indexState>
<isSurrogateKey>false</isSurrogateKey>
<indexColumnUsage>
<colUsage columnID="FDA58D9F-8283-0719-284D-971B0E4FEBE2"/>
</indexColumnUsage>
</ind_PK_UK>
<ind_PK_UK id="E17B23EA-C23A-268F-3F18-46792442928F" name="PRODUTO_GENERO_FK">
<createdBy>dlicinio</createdBy>
<createdTime>2021-05-30 23:41:34 UTC</createdTime>
<generatorID>A717AA8B-3459-C9A8-C6DC-E1562A3F04E9</generatorID>
<ownerDesignName>Magazine</ownerDesignName>
<indexState>Foreign Key</indexState>
<isSurrogateKey>false</isSurrogateKey>
<indexColumnUsage>
<colUsage columnID="4CEBEEAD-860D-C2F0-4EB6-B43C7F9AF657"/>
</indexColumnUsage>
</ind_PK_UK>
<ind_PK_UK id="57FCE76B-4523-1797-6EC0-F9283920C71C" name="PRODUTO_COR_FK">
<createdBy>dlicinio</createdBy>
<createdTime>2021-05-30 23:41:34 UTC</createdTime>
<generatorID>0063D515-0944-97F5-71FA-5C105495C858</generatorID>
<ownerDesignName>Magazine</ownerDesignName>
<indexState>Foreign Key</indexState>
<isSurrogateKey>false</isSurrogateKey>
<indexColumnUsage>
<colUsage columnID="5D8ABAC9-C9AF-8EA5-E1CF-1058AE04C761"/>
</indexColumnUsage>
</ind_PK_UK>
<ind_PK_UK id="D2551F75-C18C-EE4D-3E88-2E2657054C7F" name="PRODUTO_MARCA_FK">
<createdBy>dlicinio</createdBy>
<createdTime>2021-05-30 23:41:34 UTC</createdTime>
<generatorID>037CE458-1485-EC83-2261-B7C6A70A7184</generatorID>
<ownerDesignName>Magazine</ownerDesignName>
<indexState>Foreign Key</indexState>
<isSurrogateKey>false</isSurrogateKey>
<indexColumnUsage>
<colUsage columnID="85A8E306-CB9A-EE00-99AE-4A5314FCF9FA"/>
</indexColumnUsage>
</ind_PK_UK>
<ind_PK_UK id="8945BCF9-193D-8B6F-2797-355CA2CB0BD5" name="PRODUTO_TIPO_PRODUTO_FK">
<createdBy>dlicinio</createdBy>
<createdTime>2021-05-30 23:41:34 UTC</createdTime>
<generatorID>E88966F2-256D-B26D-BD39-C89FF45062DC</generatorID>
<ownerDesignName>Magazine</ownerDesignName>
<indexState>Foreign Key</indexState>
<isSurrogateKey>false</isSurrogateKey>
<indexColumnUsage>
<colUsage columnID="BFF5F653-93A8-2F5D-5354-2FDE09E98BBB"/>
</indexColumnUsage>
</ind_PK_UK>
</indexes>
</Table>