<?xml version = '1.0' encoding = 'UTF-8'?>
<Table class="oracle.dbtools.crest.model.design.relational.Table" directorySegmentName="seg_0" id="E12B8AC2-921F-B7A8-527B-C790CA50C8C1" name="FUNCIONARIOS">
<createdBy>dlicinio</createdBy>
<createdTime>2021-05-30 23:41:34 UTC</createdTime>
<generatorID>262A1336-F541-D361-4E0B-0F59A0DB554D</generatorID>
<ownerDesignName>Magazine</ownerDesignName>
<allowColumnReorder>false</allowColumnReorder>
<existDependencyGenerateInDDl>true</existDependencyGenerateInDDl>
<parsed>true</parsed>
<columns itemClass="oracle.dbtools.crest.model.design.relational.Column">
<Column name="id_funcionario" id="734A953F-A06C-A54A-7AD5-EFFEAA12947C">
<createdBy>dlicinio</createdBy>
<createdTime>2021-05-30 23:41:34 UTC</createdTime>
<generatorID>EA7B5108-2444-D318-195C-202C789FB9D1</generatorID>
<ownerDesignName>Magazine</ownerDesignName>
<useDomainConstraints>false</useDomainConstraints>
<use>1</use>
<logicalDatatype>LOGDT019</logicalDatatype>
<dataTypePrecision>30</dataTypePrecision>
<ownDataTypeParameters>,30,</ownDataTypeParameters>
<autoIncrementCycle>false</autoIncrementCycle>
</Column>
<Column name="nome_funcionario" id="61603E2C-9055-52AA-A18F-A476E3E08737">
<createdBy>dlicinio</createdBy>
<createdTime>2021-05-30 23:41:34 UTC</createdTime>
<generatorID>DF0AFF40-A5D9-8002-7173-5ACE441D827A</generatorID>
<ownerDesignName>Magazine</ownerDesignName>
<useDomainConstraints>false</useDomainConstraints>
<use>1</use>
<logicalDatatype>LOGDT024</logicalDatatype>
<dataTypeSize>50</dataTypeSize>
<ownDataTypeParameters>50,,</ownDataTypeParameters>
<autoIncrementCycle>false</autoIncrementCycle>
</Column>
<Column name="id_loja" id="3ECBF469-EA97-B8FB-5780-4CB334C102D6">
<createdBy>dlicinio</createdBy>
<createdTime>2021-05-30 23:41:34 UTC</createdTime>
<generatorID>2B92D3D0-A813-ABA6-A67C-1EBC20722C5B</generatorID>
<ownerDesignName>Magazine</ownerDesignName>
<useDomainConstraints>false</useDomainConstraints>
<use>1</use>
<logicalDatatype>LOGDT019</logicalDatatype>
<dataTypePrecision>30</dataTypePrecision>
<ownDataTypeParameters>,30,</ownDataTypeParameters>
<previousColumn>false</previousColumn>
<autoIncrementCycle>false</autoIncrementCycle>
<associations>
<colAssociation fkAssociation="D6638E97-ED0E-4E08-40A0-C256E007E323" referredColumn="8F614055-1831-832E-8E48-849B7889D800"/>
</associations>
</Column>
<Column name="id_funcionario_1" id="DFD04F8A-9C26-AFDB-99B1-2419315B8C93">
<createdBy>dlicinio</createdBy>
<createdTime>2021-05-30 23:41:34 UTC</createdTime>
<generatorID>C9354C45-39A8-B26F-B826-BFA2C508D9EA</generatorID>
<ownerDesignName>Magazine</ownerDesignName>
<useDomainConstraints>false</useDomainConstraints>
<use>1</use>
<logicalDatatype>LOGDT019</logicalDatatype>
<dataTypePrecision>30</dataTypePrecision>
<ownDataTypeParameters>,30,</ownDataTypeParameters>
<previousColumn>false</previousColumn>
<autoIncrementCycle>false</autoIncrementCycle>
<associations>
<colAssociation fkAssociation="D78CD635-5DAB-A5E6-7131-22C82F2D3FBB" referredColumn="734A953F-A06C-A54A-7AD5-EFFEAA12947C"/>
</associations>
</Column>
<Column name="id_cargo" id="3131319D-BFF9-52F6-AA90-9424C272F9E5">
<createdBy>dlicinio</createdBy>
<createdTime>2021-05-30 23:41:34 UTC</createdTime>
<generatorID>9F3D0879-E84E-CD2B-F12B-560E38DDC408</generatorID>
<ownerDesignName>Magazine</ownerDesignName>
<useDomainConstraints>false</useDomainConstraints>
<use>1</use>
<logicalDatatype>LOGDT019</logicalDatatype>
<dataTypePrecision>30</dataTypePrecision>
<ownDataTypeParameters>,30,</ownDataTypeParameters>
<previousColumn>false</previousColumn>
<autoIncrementCycle>false</autoIncrementCycle>
<associations>
<colAssociation fkAssociation="44D73EBC-CA63-42F8-99F1-E39DE559BA0A" referredColumn="A26049B9-0C03-1B01-F674-0192A8A66168"/>
</associations>
</Column>
</columns>
<indexes itemClass="oracle.dbtools.crest.model.design.relational.Index">
<ind_PK_UK id="67C7BA55-C88E-664E-759F-381A41B1FD00" name="FUNCIONÁRIOS_PK">
<createdBy>dlicinio</createdBy>
<createdTime>2021-05-30 23:41:34 UTC</createdTime>
<generatorID>1561463E-9B7C-2FAA-B16F-507A2C5DF0FE</generatorID>
<ownerDesignName>Magazine</ownerDesignName>
<pk>true</pk>
<indexState>Primary Constraint</indexState>
<isSurrogateKey>false</isSurrogateKey>
<indexColumnUsage>
<colUsage columnID="734A953F-A06C-A54A-7AD5-EFFEAA12947C"/>
</indexColumnUsage>
</ind_PK_UK>
<ind_PK_UK id="0ACE5DB0-60EA-4644-4E54-8D383C8B8300" name="FUNCIONÁRIOS_LOJA_FK">
<createdBy>dlicinio</createdBy>
<createdTime>2021-05-30 23:41:34 UTC</createdTime>
<generatorID>28F780F9-95CB-015A-6E1C-E72424802711</generatorID>
<ownerDesignName>Magazine</ownerDesignName>
<indexState>Foreign Key</indexState>
<isSurrogateKey>false</isSurrogateKey>
<indexColumnUsage>
<colUsage columnID="3ECBF469-EA97-B8FB-5780-4CB334C102D6"/>
</indexColumnUsage>
</ind_PK_UK>
<ind_PK_UK id="3CD3DCF1-0FBD-A8A4-85E6-940C72195EAC" name="FUNCIONÁRIOS_FUNCIONÁRIOS_FK">
<createdBy>dlicinio</createdBy>
<createdTime>2021-05-30 23:41:34 UTC</createdTime>
<generatorID>A0ECA8AB-F787-A2D2-F672-F4C75AB744A3</generatorID>
<ownerDesignName>Magazine</ownerDesignName>
<indexState>Foreign Key</indexState>
<isSurrogateKey>false</isSurrogateKey>
<indexColumnUsage>
<colUsage columnID="DFD04F8A-9C26-AFDB-99B1-2419315B8C93"/>
</indexColumnUsage>
</ind_PK_UK>
<ind_PK_UK id="0633372F-1048-9EDF-5549-0466A45E39E5" name="FUNCIONÁRIOS_CARGO_FK">
<createdBy>dlicinio</createdBy>
<createdTime>2021-05-30 23:41:34 UTC</createdTime>
<generatorID>5968DE5F-B64C-0753-15F5-33B3571DF947</generatorID>
<ownerDesignName>Magazine</ownerDesignName>
<indexState>Foreign Key</indexState>
<isSurrogateKey>false</isSurrogateKey>
<indexColumnUsage>
<colUsage columnID="3131319D-BFF9-52F6-AA90-9424C272F9E5"/>
</indexColumnUsage>
</ind_PK_UK>
</indexes>
</Table>