<?xml version = '1.0' encoding = 'UTF-8'?>
<Relation class="oracle.dbtools.crest.model.design.logical.Relation" name="Relation_28" directorySegmentName="seg_0" id="0063D515-0944-97F5-71FA-5C105495C858">
<createdBy>dlicinio</createdBy>
<createdTime>2021-05-25 22:57:26 UTC</createdTime>
<ownerDesignName>Magazine</ownerDesignName>
<engineerTo>
<item key="1B76025D-24D3-3A4F-533F-97864CB1A485" value="true"/>
</engineerTo>
<sourcePk>95DA9912-F907-F0F0-E927-2D69C3633AED</sourcePk>
<identifying>false</identifying>
<optionalSource>true</optionalSource>
<optionalTarget>false</optionalTarget>
<sourceCardinality>1</sourceCardinality>
<sourceEntity>37D7A59D-69C9-D44C-3E09-CA707EBA74A8</sourceEntity>
<targetCardinalityString>*</targetCardinalityString>
<targetEntity>C932F201-AC6C-E78F-52BC-FCFF529A445D</targetEntity>
<transferable>true</transferable>
<deleteRule>NO ACTION</deleteRule>
</Relation>