<?xml version = '1.0' encoding = 'UTF-8'?>
<Relation class="oracle.dbtools.crest.model.design.logical.Relation" name="Relation_29" directorySegmentName="seg_0" id="037CE458-1485-EC83-2261-B7C6A70A7184">
<createdBy>dlicinio</createdBy>
<createdTime>2021-05-25 22:57:50 UTC</createdTime>
<ownerDesignName>Magazine</ownerDesignName>
<engineerTo>
<item key="1B76025D-24D3-3A4F-533F-97864CB1A485" value="true"/>
</engineerTo>
<sourcePk>612B4601-AAA8-FA91-B015-70011E5FF5D2</sourcePk>
<identifying>false</identifying>
<optionalSource>true</optionalSource>
<optionalTarget>false</optionalTarget>
<sourceCardinality>1</sourceCardinality>
<sourceEntity>E51782C8-60B6-D237-7998-C49783E927EB</sourceEntity>
<targetCardinalityString>*</targetCardinalityString>
<targetEntity>C932F201-AC6C-E78F-52BC-FCFF529A445D</targetEntity>
<transferable>true</transferable>
<deleteRule>NO ACTION</deleteRule>
</Relation>