<?xml version = '1.0' encoding = 'UTF-8'?>
<Relation class="oracle.dbtools.crest.model.design.logical.Relation" name="POSSUIv6" directorySegmentName="seg_0" id="05B8D245-8A90-DF2C-0A37-DE042FB4C143">
<createdBy>dlicinio</createdBy>
<createdTime>2021-05-12 02:01:03 UTC</createdTime>
<ownerDesignName>Magazine</ownerDesignName>
<engineerTo>
<item key="1B76025D-24D3-3A4F-533F-97864CB1A485" value="true"/>
</engineerTo>
<sourcePk>125EC61B-BAC4-7041-F59D-CCA2F9120831</sourcePk>
<identifying>false</identifying>
<optionalSource>true</optionalSource>
<optionalTarget>false</optionalTarget>
<sourceCardinality>1</sourceCardinality>
<sourceEntity>E91B25E4-A860-2917-DE8A-6F23BA199C98</sourceEntity>
<targetCardinalityString>*</targetCardinalityString>
<targetEntity>521DC5E9-48BA-4A99-1BAB-5D0E23776D8A</targetEntity>
<transferable>true</transferable>
<deleteRule>NO ACTION</deleteRule>
</Relation>