<?xml version = '1.0' encoding = 'UTF-8'?>
<Relation class="oracle.dbtools.crest.model.design.logical.Relation" name="POSSUIv5" directorySegmentName="seg_0" id="090E1842-5AD0-81CF-432D-5C9882AF6FE4">
<createdBy>dlicinio</createdBy>
<createdTime>2021-05-12 01:59:13 UTC</createdTime>
<ownerDesignName>Magazine</ownerDesignName>
<engineerTo>
<item key="1B76025D-24D3-3A4F-533F-97864CB1A485" value="true"/>
</engineerTo>
<sourcePk>0AC00C7A-CC4D-AB5D-F512-26D1CABE972B</sourcePk>
<identifying>false</identifying>
<optionalSource>true</optionalSource>
<optionalTarget>false</optionalTarget>
<sourceCardinality>1</sourceCardinality>
<sourceEntity>7E099ABE-D7BA-E173-541A-402A8A6E4AF3</sourceEntity>
<targetCardinalityString>*</targetCardinalityString>
<targetEntity>C0886B74-71A6-E277-F0FD-4DAD269A15F2</targetEntity>
<transferable>true</transferable>
<deleteRule>NO ACTION</deleteRule>
</Relation>