<?xml version = '1.0' encoding = 'UTF-8'?>
<Relation class="oracle.dbtools.crest.model.design.logical.Relation" name="Relation_74" directorySegmentName="seg_0" id="09E4A284-DEC6-D1E3-A985-02865EAA7496">
<createdBy>dlicinio</createdBy>
<createdTime>2021-05-26 00:44:56 UTC</createdTime>
<ownerDesignName>Magazine</ownerDesignName>
<engineerTo>
<item key="1B76025D-24D3-3A4F-533F-97864CB1A485" value="true"/>
</engineerTo>
<sourcePk>125EC61B-BAC4-7041-F59D-CCA2F9120831</sourcePk>
<arc>F356B9C6-8DAC-F6A2-9792-3942395A78B1</arc>
<identifying>false</identifying>
<optionalSource>true</optionalSource>
<optionalTarget>false</optionalTarget>
<sourceCardinality>1</sourceCardinality>
<sourceEntity>E91B25E4-A860-2917-DE8A-6F23BA199C98</sourceEntity>
<targetCardinalityString>1</targetCardinalityString>
<targetEntity>CF4E7C18-984D-B192-8FA7-9D09A46E1485</targetEntity>
<transferable>true</transferable>
<deleteRule>NO ACTION</deleteRule>
</Relation>