<?xml version = '1.0' encoding = 'UTF-8'?>
<Relation class="oracle.dbtools.crest.model.design.logical.Relation" name="Relation_70" directorySegmentName="seg_0" id="15134C1F-2D99-0F80-5054-469829B0D729">
<createdBy>dlicinio</createdBy>
<createdTime>2021-05-26 00:39:05 UTC</createdTime>
<ownerDesignName>Magazine</ownerDesignName>
<engineerTo>
<item key="1B76025D-24D3-3A4F-533F-97864CB1A485" value="true"/>
</engineerTo>
<sourcePk>1C0568D8-C4EE-0F4B-34F6-5C86613484D2</sourcePk>
<arc>67EE79C9-BFAD-BB49-05A4-072581F319A1</arc>
<identifying>false</identifying>
<optionalSource>true</optionalSource>
<optionalTarget>false</optionalTarget>
<sourceCardinality>1</sourceCardinality>
<sourceEntity>233CB7E5-1E79-B009-8F03-DE2AADE30B16</sourceEntity>
<targetCardinalityString>1</targetCardinalityString>
<targetEntity>AC12038C-ED2C-E0FE-43C1-7C307FC9C540</targetEntity>
<transferable>true</transferable>
<deleteRule>NO ACTION</deleteRule>
</Relation>