<?xml version = '1.0' encoding = 'UTF-8'?>
<Relation class="oracle.dbtools.crest.model.design.logical.Relation" name="Relation_51" directorySegmentName="seg_0" id="1D90C2C8-CE16-B019-0E32-16A8F95F7E69">
<createdBy>dlicinio</createdBy>
<createdTime>2021-05-25 23:52:01 UTC</createdTime>
<ownerDesignName>Magazine</ownerDesignName>
<engineerTo>
<item key="1B76025D-24D3-3A4F-533F-97864CB1A485" value="true"/>
</engineerTo>
<sourcePk>ACFB28D5-8F66-3B42-6DB6-9FE285EB96C7</sourcePk>
<identifying>false</identifying>
<optionalSource>true</optionalSource>
<optionalTarget>false</optionalTarget>
<sourceCardinality>1</sourceCardinality>
<sourceEntity>C932F201-AC6C-E78F-52BC-FCFF529A445D</sourceEntity>
<targetCardinalityString>*</targetCardinalityString>
<targetEntity>582572BC-2D55-EA44-967C-C3BFBCC75E29</targetEntity>
<transferable>true</transferable>
<deleteRule>NO ACTION</deleteRule>
</Relation>