<?xml version = '1.0' encoding = 'UTF-8'?>
<Relation class="oracle.dbtools.crest.model.design.logical.Relation" name="Relation_32" directorySegmentName="seg_0" id="28F780F9-95CB-015A-6E1C-E72424802711">
<createdBy>dlicinio</createdBy>
<createdTime>2021-05-25 23:14:04 UTC</createdTime>
<ownerDesignName>Magazine</ownerDesignName>
<engineerTo>
<item key="1B76025D-24D3-3A4F-533F-97864CB1A485" value="true"/>
</engineerTo>
<sourcePk>0AC00C7A-CC4D-AB5D-F512-26D1CABE972B</sourcePk>
<identifying>false</identifying>
<optionalSource>true</optionalSource>
<optionalTarget>false</optionalTarget>
<sourceCardinality>1</sourceCardinality>
<sourceEntity>7E099ABE-D7BA-E173-541A-402A8A6E4AF3</sourceEntity>
<targetCardinalityString>*</targetCardinalityString>
<targetEntity>262A1336-F541-D361-4E0B-0F59A0DB554D</targetEntity>
<transferable>true</transferable>
<deleteRule>NO ACTION</deleteRule>
</Relation>