<?xml version = '1.0' encoding = 'UTF-8'?>
<Relation class="oracle.dbtools.crest.model.design.logical.Relation" name="Relation_81" directorySegmentName="seg_0" id="33E18370-F89B-72E8-EFC5-42DFC18C17D3">
<createdBy>dlicinio</createdBy>
<createdTime>2021-05-26 01:03:31 UTC</createdTime>
<ownerDesignName>Magazine</ownerDesignName>
<engineerTo>
<item key="1B76025D-24D3-3A4F-533F-97864CB1A485" value="true"/>
</engineerTo>
<sourcePk>337FFF04-C72E-23C1-A58D-551BAE407D72</sourcePk>
<identifying>false</identifying>
<optionalSource>true</optionalSource>
<optionalTarget>false</optionalTarget>
<sourceCardinality>1</sourceCardinality>
<sourceEntity>CF4E7C18-984D-B192-8FA7-9D09A46E1485</sourceEntity>
<targetCardinalityString>*</targetCardinalityString>
<targetEntity>AA804D39-F466-C661-4AE9-00028FF76359</targetEntity>
<transferable>true</transferable>
<deleteRule>NO ACTION</deleteRule>
</Relation>