<?xml version = '1.0' encoding = 'UTF-8'?>
<Relation class="oracle.dbtools.crest.model.design.logical.Relation" name="POSSUIv4" directorySegmentName="seg_0" id="46D00EC4-0A2D-FB57-8C76-F5F689BE6E10">
<createdBy>dlicinio</createdBy>
<createdTime>2021-05-12 01:58:57 UTC</createdTime>
<ownerDesignName>Magazine</ownerDesignName>
<engineerTo>
<item key="1B76025D-24D3-3A4F-533F-97864CB1A485" value="true"/>
</engineerTo>
<sourcePk>0AC00C7A-CC4D-AB5D-F512-26D1CABE972B</sourcePk>
<identifying>false</identifying>
<optionalSource>true</optionalSource>
<optionalTarget>false</optionalTarget>
<sourceCardinality>1</sourceCardinality>
<sourceEntity>7E099ABE-D7BA-E173-541A-402A8A6E4AF3</sourceEntity>
<targetCardinalityString>*</targetCardinalityString>
<targetEntity>48232B24-4968-B3DA-11E2-BCA324F27ABC</targetEntity>
<transferable>true</transferable>
<deleteRule>NO ACTION</deleteRule>
</Relation>