<?xml version = '1.0' encoding = 'UTF-8'?>
<Relation class="oracle.dbtools.crest.model.design.logical.Relation" name="Relation_34" directorySegmentName="seg_0" id="5968DE5F-B64C-0753-15F5-33B3571DF947">
<createdBy>dlicinio</createdBy>
<createdTime>2021-05-25 23:17:24 UTC</createdTime>
<ownerDesignName>Magazine</ownerDesignName>
<engineerTo>
<item key="1B76025D-24D3-3A4F-533F-97864CB1A485" value="true"/>
</engineerTo>
<sourcePk>22FB7E60-BD8E-C20E-82F2-45889EBC521F</sourcePk>
<identifying>false</identifying>
<optionalSource>true</optionalSource>
<optionalTarget>false</optionalTarget>
<sourceCardinality>1</sourceCardinality>
<sourceEntity>E0EFEAE9-1830-8DB1-AA8F-0A33572DB947</sourceEntity>
<targetCardinalityString>*</targetCardinalityString>
<targetEntity>262A1336-F541-D361-4E0B-0F59A0DB554D</targetEntity>
<transferable>true</transferable>
<deleteRule>NO ACTION</deleteRule>
</Relation>