<?xml version = '1.0' encoding = 'UTF-8'?>
<Relation class="oracle.dbtools.crest.model.design.logical.Relation" name="Relation_47" directorySegmentName="seg_0" id="63337363-85FE-005A-DB7B-A3FE614AE20F">
<createdBy>dlicinio</createdBy>
<createdTime>2021-05-25 23:45:24 UTC</createdTime>
<ownerDesignName>Magazine</ownerDesignName>
<engineerTo>
<item key="1B76025D-24D3-3A4F-533F-97864CB1A485" value="true"/>
</engineerTo>
<sourcePk>0AC00C7A-CC4D-AB5D-F512-26D1CABE972B</sourcePk>
<identifying>false</identifying>
<optionalSource>true</optionalSource>
<optionalTarget>false</optionalTarget>
<sourceCardinality>1</sourceCardinality>
<sourceEntity>7E099ABE-D7BA-E173-541A-402A8A6E4AF3</sourceEntity>
<targetCardinalityString>1</targetCardinalityString>
<targetEntity>582572BC-2D55-EA44-967C-C3BFBCC75E29</targetEntity>
<transferable>true</transferable>
<deleteRule>NO ACTION</deleteRule>
</Relation>