<?xml version = '1.0' encoding = 'UTF-8'?>
<Relation class="oracle.dbtools.crest.model.design.logical.Relation" name="Relation_31" directorySegmentName="seg_0" id="6B0D8B1F-21F1-92B1-2729-17E018DD8D3F">
<createdBy>dlicinio</createdBy>
<createdTime>2021-05-25 22:59:46 UTC</createdTime>
<ownerDesignName>Magazine</ownerDesignName>
<engineerTo>
<item key="1B76025D-24D3-3A4F-533F-97864CB1A485" value="true"/>
</engineerTo>
<sourcePk>125EC61B-BAC4-7041-F59D-CCA2F9120831</sourcePk>
<identifying>false</identifying>
<optionalSource>true</optionalSource>
<optionalTarget>false</optionalTarget>
<sourceCardinality>1</sourceCardinality>
<sourceEntity>E91B25E4-A860-2917-DE8A-6F23BA199C98</sourceEntity>
<targetCardinalityString>*</targetCardinalityString>
<targetEntity>BBCF99E2-BAB2-1963-6AFB-F8A792D5B6ED</targetEntity>
<transferable>true</transferable>
<deleteRule>NO ACTION</deleteRule>
</Relation>