<?xml version = '1.0' encoding = 'UTF-8'?>
<Relation class="oracle.dbtools.crest.model.design.logical.Relation" name="Relation_35" directorySegmentName="seg_0" id="7023832C-2093-622B-58FA-4F9253AD73BB">
<createdBy>dlicinio</createdBy>
<createdTime>2021-05-25 23:23:28 UTC</createdTime>
<ownerDesignName>Magazine</ownerDesignName>
<engineerTo>
<item key="1B76025D-24D3-3A4F-533F-97864CB1A485" value="true"/>
</engineerTo>
<sourcePk>1561463E-9B7C-2FAA-B16F-507A2C5DF0FE</sourcePk>
<identifying>false</identifying>
<optionalSource>true</optionalSource>
<optionalTarget>false</optionalTarget>
<sourceCardinality>1</sourceCardinality>
<sourceEntity>262A1336-F541-D361-4E0B-0F59A0DB554D</sourceEntity>
<targetCardinalityString>*</targetCardinalityString>
<targetEntity>0C46A16F-2954-3A9A-612C-C08F98B9ED51</targetEntity>
<transferable>true</transferable>
<deleteRule>NO ACTION</deleteRule>
</Relation>