<?xml version = '1.0' encoding = 'UTF-8'?>
<Relation class="oracle.dbtools.crest.model.design.logical.Relation" name="Relation_77" directorySegmentName="seg_0" id="754ECADB-407B-22CA-0327-FCD02174D27A">
<createdBy>dlicinio</createdBy>
<createdTime>2021-05-26 00:53:30 UTC</createdTime>
<ownerDesignName>Magazine</ownerDesignName>
<engineerTo>
<item key="1B76025D-24D3-3A4F-533F-97864CB1A485" value="true"/>
</engineerTo>
<sourcePk>8EFF0663-0A9C-0859-3E1D-589F46E5C7F6</sourcePk>
<identifying>false</identifying>
<optionalSource>true</optionalSource>
<optionalTarget>false</optionalTarget>
<sourceCardinality>1</sourceCardinality>
<sourceEntity>5167D896-99C1-C4FC-D33C-181044695431</sourceEntity>
<targetCardinalityString>*</targetCardinalityString>
<targetEntity>1BE20992-1485-7334-DECB-B62863A626EF</targetEntity>
<transferable>true</transferable>
<deleteRule>NO ACTION</deleteRule>
</Relation>