<?xml version = '1.0' encoding = 'UTF-8'?>
<Relation class="oracle.dbtools.crest.model.design.logical.Relation" name="Relation_80" directorySegmentName="seg_0" id="7EE2E96B-5F3F-D85F-CFE8-89BE2317073C">
<createdBy>dlicinio</createdBy>
<createdTime>2021-05-26 01:02:41 UTC</createdTime>
<ownerDesignName>Magazine</ownerDesignName>
<engineerTo>
<item key="1B76025D-24D3-3A4F-533F-97864CB1A485" value="true"/>
</engineerTo>
<sourcePk>AF1A7565-84DE-3F70-D0D7-5DCA8410DC30</sourcePk>
<identifying>false</identifying>
<optionalSource>true</optionalSource>
<optionalTarget>false</optionalTarget>
<sourceCardinality>1</sourceCardinality>
<sourceEntity>0C46A16F-2954-3A9A-612C-C08F98B9ED51</sourceEntity>
<targetCardinalityString>*</targetCardinalityString>
<targetEntity>AA804D39-F466-C661-4AE9-00028FF76359</targetEntity>
<transferable>true</transferable>
<deleteRule>NO ACTION</deleteRule>
</Relation>