<?xml version = '1.0' encoding = 'UTF-8'?>
<Relation class="oracle.dbtools.crest.model.design.logical.Relation" name="TEMv5" directorySegmentName="seg_0" id="83969015-810B-C932-5840-E20C91268797">
<createdBy>dlicinio</createdBy>
<createdTime>2021-05-12 02:00:53 UTC</createdTime>
<ownerDesignName>Magazine</ownerDesignName>
<engineerTo>
<item key="1B76025D-24D3-3A4F-533F-97864CB1A485" value="true"/>
</engineerTo>
<sourcePk>B605A5DC-DC02-CC19-9381-50338B8A633F</sourcePk>
<identifying>false</identifying>
<optionalSource>true</optionalSource>
<optionalTarget>false</optionalTarget>
<sourceCardinality>1</sourceCardinality>
<sourceEntity>B973B636-91ED-B373-1BD5-9411CC48818D</sourceEntity>
<targetCardinalityString>*</targetCardinalityString>
<targetEntity>BBCF99E2-BAB2-1963-6AFB-F8A792D5B6ED</targetEntity>
<transferable>true</transferable>
<deleteRule>NO ACTION</deleteRule>
</Relation>