<?xml version = '1.0' encoding = 'UTF-8'?>
<Relation class="oracle.dbtools.crest.model.design.logical.Relation" name="TEMv4" directorySegmentName="seg_0" id="916D05C4-C4E9-C14F-908B-0181460866F1">
<createdBy>dlicinio</createdBy>
<createdTime>2021-05-12 01:59:50 UTC</createdTime>
<ownerDesignName>Magazine</ownerDesignName>
<engineerTo>
<item key="1B76025D-24D3-3A4F-533F-97864CB1A485" value="true"/>
</engineerTo>
<sourcePk>15D95A84-A78F-2B9B-B83B-67CBDF42A1E0</sourcePk>
<identifying>false</identifying>
<optionalSource>true</optionalSource>
<optionalTarget>false</optionalTarget>
<sourceCardinality>1</sourceCardinality>
<sourceEntity>C0886B74-71A6-E277-F0FD-4DAD269A15F2</sourceEntity>
<targetCardinalityString>*</targetCardinalityString>
<targetEntity>C77B754C-AADB-8C6E-DD21-4BC4157FDF1D</targetEntity>
<transferable>true</transferable>
<deleteRule>NO ACTION</deleteRule>
</Relation>