<?xml version = '1.0' encoding = 'UTF-8'?>
<Relation class="oracle.dbtools.crest.model.design.logical.Relation" name="TEM" directorySegmentName="seg_0" id="9E48675A-3133-2B65-2443-D2568FCE5086">
<createdBy>dlicinio</createdBy>
<createdTime>2021-05-12 00:54:47 UTC</createdTime>
<ownerDesignName>Magazine</ownerDesignName>
<engineerTo>
<item key="1B76025D-24D3-3A4F-533F-97864CB1A485" value="true"/>
</engineerTo>
<sourcePk>AF1A7565-84DE-3F70-D0D7-5DCA8410DC30</sourcePk>
<identifying>false</identifying>
<optionalSource>true</optionalSource>
<optionalTarget>false</optionalTarget>
<sourceCardinality>1</sourceCardinality>
<sourceEntity>0C46A16F-2954-3A9A-612C-C08F98B9ED51</sourceEntity>
<targetCardinalityString>*</targetCardinalityString>
<targetEntity>233CB7E5-1E79-B009-8F03-DE2AADE30B16</targetEntity>
<transferable>true</transferable>
<deleteRule>NO ACTION</deleteRule>
</Relation>