<?xml version = '1.0' encoding = 'UTF-8'?>
<Relation class="oracle.dbtools.crest.model.design.logical.Relation" name="Relation_33" directorySegmentName="seg_0" id="A0ECA8AB-F787-A2D2-F672-F4C75AB744A3">
<createdBy>dlicinio</createdBy>
<createdTime>2021-05-25 23:16:07 UTC</createdTime>
<ownerDesignName>Magazine</ownerDesignName>
<engineerTo>
<item key="1B76025D-24D3-3A4F-533F-97864CB1A485" value="true"/>
</engineerTo>
<targetPk>1561463E-9B7C-2FAA-B16F-507A2C5DF0FE</targetPk>
<identifying>false</identifying>
<optionalSource>true</optionalSource>
<optionalTarget>false</optionalTarget>
<sourceCardinality>1</sourceCardinality>
<sourceEntity>262A1336-F541-D361-4E0B-0F59A0DB554D</sourceEntity>
<targetCardinalityString>*</targetCardinalityString>
<targetEntity>262A1336-F541-D361-4E0B-0F59A0DB554D</targetEntity>
<transferable>true</transferable>
<deleteRule>NO ACTION</deleteRule>
</Relation>