<?xml version = '1.0' encoding = 'UTF-8'?>
<Relation class="oracle.dbtools.crest.model.design.logical.Relation" name="Relation_26" directorySegmentName="seg_0" id="A717AA8B-3459-C9A8-C6DC-E1562A3F04E9">
<createdBy>dlicinio</createdBy>
<createdTime>2021-05-25 22:55:50 UTC</createdTime>
<ownerDesignName>Magazine</ownerDesignName>
<engineerTo>
<item key="1B76025D-24D3-3A4F-533F-97864CB1A485" value="true"/>
</engineerTo>
<sourcePk>15131757-5F3E-EF44-527C-3F17EA918044</sourcePk>
<identifying>false</identifying>
<optionalSource>true</optionalSource>
<optionalTarget>false</optionalTarget>
<sourceCardinality>1</sourceCardinality>
<sourceEntity>7E4718AE-C9E8-5005-D97D-D660BB0252EE</sourceEntity>
<targetCardinalityString>*</targetCardinalityString>
<targetEntity>C932F201-AC6C-E78F-52BC-FCFF529A445D</targetEntity>
<transferable>true</transferable>
<deleteRule>NO ACTION</deleteRule>
</Relation>