<?xml version = '1.0' encoding = 'UTF-8'?>
<Relation class="oracle.dbtools.crest.model.design.logical.Relation" name="Relation_53" directorySegmentName="seg_0" id="C6E11CF2-3675-DC59-E6ED-183DE9BC9A71">
<createdBy>dlicinio</createdBy>
<createdTime>2021-05-26 00:03:05 UTC</createdTime>
<ownerDesignName>Magazine</ownerDesignName>
<engineerTo>
<item key="1B76025D-24D3-3A4F-533F-97864CB1A485" value="true"/>
</engineerTo>
<sourcePk>ACFB28D5-8F66-3B42-6DB6-9FE285EB96C7</sourcePk>
<identifying>false</identifying>
<optionalSource>true</optionalSource>
<optionalTarget>false</optionalTarget>
<sourceCardinality>1</sourceCardinality>
<sourceEntity>C932F201-AC6C-E78F-52BC-FCFF529A445D</sourceEntity>
<targetCardinalityString>*</targetCardinalityString>
<targetEntity>233CB7E5-1E79-B009-8F03-DE2AADE30B16</targetEntity>
<transferable>true</transferable>
<deleteRule>NO ACTION</deleteRule>
</Relation>