<?xml version = '1.0' encoding = 'UTF-8'?>
<Relation class="oracle.dbtools.crest.model.design.logical.Relation" name="Relation_22" directorySegmentName="seg_0" id="CB081794-8F55-7E07-1522-1379AA42909D">
<createdBy>dlicinio</createdBy>
<createdTime>2021-05-25 22:51:36 UTC</createdTime>
<ownerDesignName>Magazine</ownerDesignName>
<engineerTo>
<item key="1B76025D-24D3-3A4F-533F-97864CB1A485" value="true"/>
</engineerTo>
<sourcePk>125EC61B-BAC4-7041-F59D-CCA2F9120831</sourcePk>
<identifying>false</identifying>
<optionalSource>true</optionalSource>
<optionalTarget>false</optionalTarget>
<sourceCardinality>1</sourceCardinality>
<sourceEntity>E91B25E4-A860-2917-DE8A-6F23BA199C98</sourceEntity>
<targetCardinalityString>*</targetCardinalityString>
<targetEntity>0C46A16F-2954-3A9A-612C-C08F98B9ED51</targetEntity>
<transferable>true</transferable>
<deleteRule>NO ACTION</deleteRule>
</Relation>