<?xml version = '1.0' encoding = 'UTF-8'?>
<Relation class="oracle.dbtools.crest.model.design.logical.Relation" name="Relation_21" directorySegmentName="seg_0" id="CE27A24D-57B0-B69D-AB87-B7E7A1DDBAA7">
<createdBy>dlicinio</createdBy>
<createdTime>2021-05-25 22:50:08 UTC</createdTime>
<ownerDesignName>Magazine</ownerDesignName>
<engineerTo>
<item key="1B76025D-24D3-3A4F-533F-97864CB1A485" value="true"/>
</engineerTo>
<sourcePk>0AC00C7A-CC4D-AB5D-F512-26D1CABE972B</sourcePk>
<identifying>false</identifying>
<optionalSource>true</optionalSource>
<optionalTarget>false</optionalTarget>
<sourceCardinality>1</sourceCardinality>
<sourceEntity>7E099ABE-D7BA-E173-541A-402A8A6E4AF3</sourceEntity>
<targetCardinalityString>*</targetCardinalityString>
<targetEntity>0C46A16F-2954-3A9A-612C-C08F98B9ED51</targetEntity>
<transferable>true</transferable>
<deleteRule>NO ACTION</deleteRule>
</Relation>