<?xml version = '1.0' encoding = 'UTF-8'?>
<Relation class="oracle.dbtools.crest.model.design.logical.Relation" name="POSSUIv2" directorySegmentName="seg_0" id="CFFEFD68-7A26-D203-A565-5420FF1385D7">
<createdBy>dlicinio</createdBy>
<createdTime>2021-05-12 00:49:15 UTC</createdTime>
<ownerDesignName>Magazine</ownerDesignName>
<engineerTo>
<item key="1B76025D-24D3-3A4F-533F-97864CB1A485" value="true"/>
</engineerTo>
<sourcePk>AC4C6CA5-E31E-1372-A96B-F1F31D7AFA35</sourcePk>
<identifying>false</identifying>
<optionalSource>true</optionalSource>
<optionalTarget>false</optionalTarget>
<sourceCardinality>1</sourceCardinality>
<sourceEntity>79142E18-30BF-C472-EFDF-ED56B672AC33</sourceEntity>
<targetCardinalityString>*</targetCardinalityString>
<targetEntity>7E099ABE-D7BA-E173-541A-402A8A6E4AF3</targetEntity>
<transferable>true</transferable>
<deleteRule>NO ACTION</deleteRule>
</Relation>