<?xml version = '1.0' encoding = 'UTF-8'?>
<Relation class="oracle.dbtools.crest.model.design.logical.Relation" name="Relation_25" directorySegmentName="seg_0" id="D0E5C2F4-3F69-C680-8A33-5EC8A784DC44">
<createdBy>dlicinio</createdBy>
<createdTime>2021-05-25 22:55:03 UTC</createdTime>
<ownerDesignName>Magazine</ownerDesignName>
<engineerTo>
<item key="1B76025D-24D3-3A4F-533F-97864CB1A485" value="true"/>
</engineerTo>
<sourcePk>7EB22D7B-58A7-3480-E819-BD560CB4551A</sourcePk>
<identifying>false</identifying>
<optionalSource>true</optionalSource>
<optionalTarget>false</optionalTarget>
<sourceCardinality>1</sourceCardinality>
<sourceEntity>A4B6A9EE-11D3-FE9F-505F-330A936B5B76</sourceEntity>
<targetCardinalityString>*</targetCardinalityString>
<targetEntity>C932F201-AC6C-E78F-52BC-FCFF529A445D</targetEntity>
<transferable>true</transferable>
<deleteRule>NO ACTION</deleteRule>
</Relation>