<?xml version = '1.0' encoding = 'UTF-8'?>
<Relation class="oracle.dbtools.crest.model.design.logical.Relation" name="Relation_30" directorySegmentName="seg_0" id="E88966F2-256D-B26D-BD39-C89FF45062DC">
<createdBy>dlicinio</createdBy>
<createdTime>2021-05-25 22:58:35 UTC</createdTime>
<ownerDesignName>Magazine</ownerDesignName>
<engineerTo>
<item key="1B76025D-24D3-3A4F-533F-97864CB1A485" value="true"/>
</engineerTo>
<sourcePk>FCC322E8-434E-54C9-7207-760B9FBD46F7</sourcePk>
<identifying>false</identifying>
<optionalSource>true</optionalSource>
<optionalTarget>false</optionalTarget>
<sourceCardinality>1</sourceCardinality>
<sourceEntity>25DF74F4-B70A-A4D9-8A50-EA64944D8F15</sourceEntity>
<targetCardinalityString>*</targetCardinalityString>
<targetEntity>C932F201-AC6C-E78F-52BC-FCFF529A445D</targetEntity>
<transferable>true</transferable>
<deleteRule>NO ACTION</deleteRule>
</Relation>