<?xml version = '1.0' encoding = 'UTF-8'?>
<Relation class="oracle.dbtools.crest.model.design.logical.Relation" name="Relation_76" directorySegmentName="seg_0" id="F1DBD03F-C346-9993-CC08-1B18B5EC22BE">
<createdBy>dlicinio</createdBy>
<createdTime>2021-05-26 00:49:58 UTC</createdTime>
<ownerDesignName>Magazine</ownerDesignName>
<engineerTo>
<item key="1B76025D-24D3-3A4F-533F-97864CB1A485" value="true"/>
</engineerTo>
<sourcePk>1B449C0F-B127-0150-BFBF-1CF5580B8FF5</sourcePk>
<identifying>false</identifying>
<optionalSource>true</optionalSource>
<optionalTarget>false</optionalTarget>
<sourceCardinality>1</sourceCardinality>
<sourceEntity>1BE20992-1485-7334-DECB-B62863A626EF</sourceEntity>
<targetCardinalityString>*</targetCardinalityString>
<targetEntity>0C46A16F-2954-3A9A-612C-C08F98B9ED51</targetEntity>
<transferable>true</transferable>
<deleteRule>NO ACTION</deleteRule>
</Relation>