<?xml version = '1.0' encoding = 'UTF-8'?>
<Relation class="oracle.dbtools.crest.model.design.logical.Relation" name="Relation_71" directorySegmentName="seg_0" id="F5CE50BA-25C1-2804-A8D1-725BC5C276D1">
<createdBy>dlicinio</createdBy>
<createdTime>2021-05-26 00:40:20 UTC</createdTime>
<ownerDesignName>Magazine</ownerDesignName>
<engineerTo>
<item key="1B76025D-24D3-3A4F-533F-97864CB1A485" value="true"/>
</engineerTo>
<sourcePk>1561463E-9B7C-2FAA-B16F-507A2C5DF0FE</sourcePk>
<identifying>false</identifying>
<optionalSource>true</optionalSource>
<optionalTarget>false</optionalTarget>
<sourceCardinality>1</sourceCardinality>
<sourceEntity>262A1336-F541-D361-4E0B-0F59A0DB554D</sourceEntity>
<targetCardinalityString>*</targetCardinalityString>
<targetEntity>D9341DA6-BDDC-A676-41EA-21227139D82F</targetEntity>
<transferable>true</transferable>
<deleteRule>NO ACTION</deleteRule>
</Relation>