<?xml version = '1.0' encoding = 'UTF-8'?>
<Diagram class="oracle.dbtools.crest.swingui.relational.DPVRelational" name="Relational_1" id="B02EE185-1305-3A96-614C-F4271FCD121B">
<createdBy>dlicinio</createdBy>
<modifiedBy>dlicinio</modifiedBy>
<createdTime>2021-05-12 02:38:58 UTC</createdTime>
<autoRoute>false</autoRoute>
<boxInbox>true</boxInbox>
<showLegend>false</showLegend>
<showLabels>false</showLabels>
<showRelAttributes>false</showRelAttributes>
<gridEnabled>false</gridEnabled>
<showGrid>false</showGrid>
<diagramColor>-1</diagramColor>
<display>false</display>
<notation>1</notation>
<objectViews>
<OView class="oracle.dbtools.crest.swingui.relational.TVTable" oid="0364607E-8858-5A5D-18F8-650A4C6D2C6F" otype="Table" vid="2621B36E-06A2-C623-655F-8EFB1E534BE7">
<hideElementsInCurrentOnly>false</hideElementsInCurrentOnly>
<bounds x="1783" y="846" width="380" height="110"/>
</OView>
<OView class="oracle.dbtools.crest.swingui.relational.TVTable" oid="19624677-24B9-1817-30FD-66F7763EE98D" otype="Table" vid="D9369E64-F035-38F8-6999-7CCCB300015E">
<hideElementsInCurrentOnly>false</hideElementsInCurrentOnly>
<bounds x="1657" y="1449" width="291" height="130"/>
</OView>
<OView class="oracle.dbtools.crest.swingui.relational.TVTable" oid="1A0E6B03-0F01-4FC7-A8B0-0BFB7FF16689" otype="Table" vid="981AB69D-29A2-52B5-3BDC-4EC4B49C0410">
<hideElementsInCurrentOnly>false</hideElementsInCurrentOnly>
<bounds x="1385" y="1282" width="242" height="132"/>
</OView>
<OView class="oracle.dbtools.crest.swingui.relational.TVTable" oid="1E0E668C-1B4A-CBFE-DC0F-B752D9EEF84F" otype="Table" vid="BE1EE9CC-B088-7D08-4F1A-D32637BB87F2">
<hideElementsInCurrentOnly>false</hideElementsInCurrentOnly>
<bounds x="631" y="699" width="295" height="109"/>
</OView>
<OView class="oracle.dbtools.crest.swingui.relational.TVTable" oid="20D1CA3E-AF5D-81EF-9589-F6E7C7082BC9" otype="Table" vid="6B4C4B9E-8A3D-4A7D-4BE9-D457F4E90874">
<hideElementsInCurrentOnly>false</hideElementsInCurrentOnly>
<bounds x="2066" y="638" width="298" height="125"/>
</OView>
<OView class="oracle.dbtools.crest.swingui.relational.TVTable" oid="285CE69B-2D85-321E-7772-B974B5B11C52" otype="Table" vid="F8B8C204-64C3-1DF6-B007-96943299BA17">
<hideElementsInCurrentOnly>false</hideElementsInCurrentOnly>
<bounds x="631" y="335" width="238" height="105"/>
</OView>
<OView class="oracle.dbtools.crest.swingui.relational.TVTable" oid="2A25E8C5-E1DC-24AD-FB65-69020978C1E1" otype="Table" vid="06C8A4E7-4FE5-72BD-CB34-1D191A0A835B">
<hideElementsInCurrentOnly>false</hideElementsInCurrentOnly>
<bounds x="1828" y="35" width="223" height="77"/>
</OView>
<OView class="oracle.dbtools.crest.swingui.relational.TVTable" oid="2B5CF845-57F0-8AAC-DAE7-929C53AABB7B" otype="Table" vid="8DC2A902-78DB-A4FC-415A-C1CBC921A65B">
<hideElementsInCurrentOnly>false</hideElementsInCurrentOnly>
<bounds x="1087" y="1942" width="237" height="82"/>
</OView>
<OView class="oracle.dbtools.crest.swingui.relational.TVTable" oid="2F298CC9-23D8-FA46-EB34-A6E75D755D01" otype="Table" vid="3B4BFBB7-B26F-A4B2-FED7-B45D2C868E13">
<hideElementsInCurrentOnly>false</hideElementsInCurrentOnly>
<bounds x="142" y="1179" width="204" height="75"/>
</OView>
<OView class="oracle.dbtools.crest.swingui.TVNote" oid="339747EE-098E-BF1D-9706-FA911DEEEE94" otype="Note" vid="3FB8B50D-281A-E383-A4CC-C1436A8E0EEB">
<hideElementsInCurrentOnly>false</hideElementsInCurrentOnly>
<bounds x="664" y="1295" width="95" height="39"/>
<comment>Coordenado</comment>
</OView>
<OView class="oracle.dbtools.crest.swingui.relational.TVTable" oid="3CD285F5-B661-44B4-FB2A-02BB47B296CD" otype="Table" vid="684D5274-0D03-C910-2255-FCA52EBEB28A">
<hideElementsInCurrentOnly>false</hideElementsInCurrentOnly>
<bounds x="2681" y="305" width="218" height="84"/>
</OView>
<OView class="oracle.dbtools.crest.swingui.relational.TVTable" oid="4228F7A2-44A4-BAF1-3D44-2D807862D4C0" otype="Table" vid="9C3BFA00-E936-B6AB-9CFB-2596612F6FF2">
<hideElementsInCurrentOnly>false</hideElementsInCurrentOnly>
<bounds x="2669" y="634" width="504" height="86"/>
</OView>
<OView class="oracle.dbtools.crest.swingui.relational.TVTable" oid="46DF12CD-573B-5E4D-F7D1-64C55102326E" otype="Table" vid="2202AF6A-C079-6B83-5EB7-5A1F095CB21E">
<hideElementsInCurrentOnly>false</hideElementsInCurrentOnly>
<bounds x="1380" y="991" width="224" height="129"/>
</OView>
<OView class="oracle.dbtools.crest.swingui.relational.TVTable" oid="499B036F-EC75-19E4-24AB-037031D90B02" otype="Table" vid="F5C52E99-E365-EAB4-57AF-76FD68616FED">
<hideElementsInCurrentOnly>false</hideElementsInCurrentOnly>
<bounds x="1031" y="1678" width="478" height="156"/>
</OView>
<OView class="oracle.dbtools.crest.swingui.relational.TVTable" oid="4D3C5CA5-5D1B-CFEE-14E0-B62313875F33" otype="Table" vid="7656856A-A2BD-EC6A-1437-D142FAD75FF2">
<hideElementsInCurrentOnly>false</hideElementsInCurrentOnly>
<bounds x="139" y="776" width="219" height="74"/>
</OView>
<OView class="oracle.dbtools.crest.swingui.relational.TVTable" oid="63005D41-1EA8-51A6-B93F-CE7B54CA127C" otype="Table" vid="38CB89D8-9AF3-0CB3-E24B-B2D7EC1407FA">
<hideElementsInCurrentOnly>false</hideElementsInCurrentOnly>
<bounds x="1272" y="668" width="366" height="211"/>
</OView>
<OView class="oracle.dbtools.crest.swingui.relational.TVTable" oid="90186802-829D-8778-6BCF-40B20C549C83" otype="Table" vid="4576C85C-BBBF-5592-C646-447117F99AD6">
<hideElementsInCurrentOnly>false</hideElementsInCurrentOnly>
<bounds x="2035" y="1141" width="532" height="124"/>
</OView>
<OView class="oracle.dbtools.crest.swingui.relational.TVTable" oid="9C5A0DE5-3213-BED4-5A16-6462C8BBFA64" otype="Table" vid="49E7D1B0-D5A3-6365-0F59-FFB8FF4D1BAC">
<hideElementsInCurrentOnly>false</hideElementsInCurrentOnly>
<bounds x="106" y="569" width="257" height="179"/>
</OView>
<OView class="oracle.dbtools.crest.swingui.relational.TVTable" oid="9FA23377-5BE3-BF43-6FEA-A20CBEBA5677" otype="Table" vid="EC541675-F582-08A4-C18F-483D7B2AEED9">
<hideElementsInCurrentOnly>false</hideElementsInCurrentOnly>
<bounds x="2184" y="23" width="207" height="78"/>
</OView>
<OView class="oracle.dbtools.crest.swingui.relational.TVTable" oid="B0C72517-3C11-6A37-4AF6-7D48EE189052" otype="Table" vid="76F0565A-F662-0AAD-B6C1-C6C20F9C222B">
<hideElementsInCurrentOnly>false</hideElementsInCurrentOnly>
<bounds x="543" y="94" width="426" height="113"/>
</OView>
<OView class="oracle.dbtools.crest.swingui.TVNote" oid="B73875C4-E932-93F0-AB0E-02FDB2D6E8A6" otype="Note" vid="E5134211-FAC4-80B6-61DD-62E0B343A8FC">
<hideElementsInCurrentOnly>false</hideElementsInCurrentOnly>
<bounds x="929" y="1295" width="87" height="37"/>
<comment>Coordenador</comment>
</OView>
<OView class="oracle.dbtools.crest.swingui.relational.TVTable" oid="C4BEEDC1-F592-C890-AB81-B4A79E108A3F" otype="Table" vid="BDE689FC-1612-7759-162F-3DF8D24FB7AE">
<hideElementsInCurrentOnly>false</hideElementsInCurrentOnly>
<bounds x="1325" y="399" width="270" height="114"/>
</OView>
<OView class="oracle.dbtools.crest.swingui.relational.TVTable" oid="CC33DE44-8368-C1C7-D0A3-F5F180DA6E47" otype="Table" vid="269009A8-3900-324A-94E2-AC27341F5D91">
<hideElementsInCurrentOnly>false</hideElementsInCurrentOnly>
<bounds x="2073" y="269" width="358" height="224"/>
</OView>
<OView class="oracle.dbtools.crest.swingui.relational.TVTable" oid="CD87F764-69FE-B6F4-283E-AB314805D70D" otype="Table" vid="42520EAE-DD7F-BEE2-561F-FAD0A1635DA9">
<hideElementsInCurrentOnly>false</hideElementsInCurrentOnly>
<bounds x="2685" y="402" width="220" height="81"/>
</OView>
<OView class="oracle.dbtools.crest.swingui.relational.TVTable" oid="D08B3C3F-4AFD-D71B-6A0E-58066826F5CC" otype="Table" vid="82D3CADA-DD2D-ECBE-6636-D05C20E9411C">
<hideElementsInCurrentOnly>false</hideElementsInCurrentOnly>
<bounds x="1090" y="1477" width="223" height="84"/>
</OView>
<OView class="oracle.dbtools.crest.swingui.relational.TVTable" oid="D17E32FE-09BE-D23B-BC50-D8810418BB51" otype="Table" vid="37791CBE-156F-A87F-F2D4-F0D10ABCBBD2">
<hideElementsInCurrentOnly>false</hideElementsInCurrentOnly>
<bounds x="2480" y="32" width="215" height="80"/>
</OView>
<OView class="oracle.dbtools.crest.swingui.relational.TVTable" oid="E12B8AC2-921F-B7A8-527B-C790CA50C8C1" otype="Table" vid="872EE694-8CEE-89F6-5318-38E9519E2ECD">
<hideElementsInCurrentOnly>false</hideElementsInCurrentOnly>
<bounds x="648" y="1120" width="405" height="165"/>
</OView>
<OView class="oracle.dbtools.crest.swingui.relational.TVTable" oid="FE481B9D-CEAD-D783-2379-3E96B967C3F4" otype="Table" vid="D47B262A-91E9-15F7-A8EF-7F71FE8C2975">
<hideElementsInCurrentOnly>false</hideElementsInCurrentOnly>
<bounds x="487" y="1471" width="378" height="215"/>
</OView>
</objectViews>
<connectors>
<Connector class="oracle.dbtools.crest.swingui.relational.TVFKRelation" oid="056D6AC7-72B4-DA3A-B1E9-D5FD8486087C" otype="FKIndexAssociation" vid_source="38CB89D8-9AF3-0CB3-E24B-B2D7EC1407FA" vid_target="2621B36E-06A2-C623-655F-8EFB1E534BE7">
<hideElementsInCurrentOnly>false</hideElementsInCurrentOnly>
<backgroundColor>-16777216</backgroundColor>
<lineWidth>1</lineWidth>
<points>
<point x="1638" y="862"/>
<point x="1783" y="862"/>
</points>
</Connector>
<Connector class="oracle.dbtools.crest.swingui.relational.TVFKRelation" oid="0767D584-244D-B0BE-5F3E-20E036CB9EBC" otype="FKIndexAssociation" vid_source="82D3CADA-DD2D-ECBE-6636-D05C20E9411C" vid_target="981AB69D-29A2-52B5-3BDC-4EC4B49C0410">
<hideElementsInCurrentOnly>false</hideElementsInCurrentOnly>
<backgroundColor>-16777216</backgroundColor>
<lineWidth>1</lineWidth>
<points>
<point x="1313" y="1503"/>
<point x="1496" y="1503"/>
<point x="1496" y="1414"/>
</points>
</Connector>
<Connector class="oracle.dbtools.crest.swingui.relational.TVFKRelation" oid="10278230-EA8D-2C23-28D2-FBDBB54C0526" otype="FKIndexAssociation" vid_source="82D3CADA-DD2D-ECBE-6636-D05C20E9411C" vid_target="F5C52E99-E365-EAB4-57AF-76FD68616FED">
<hideElementsInCurrentOnly>false</hideElementsInCurrentOnly>
<backgroundColor>-16777216</backgroundColor>
<lineWidth>1</lineWidth>
<points>
<point x="1201" y="1561"/>
<point x="1201" y="1678"/>
</points>
</Connector>
<Connector class="oracle.dbtools.crest.swingui.relational.TVFKRelation" oid="2A88A422-182C-35BE-9A24-D7ED37CED456" otype="FKIndexAssociation" vid_source="38CB89D8-9AF3-0CB3-E24B-B2D7EC1407FA" vid_target="6B4C4B9E-8A3D-4A7D-4BE9-D457F4E90874">
<hideElementsInCurrentOnly>false</hideElementsInCurrentOnly>
<backgroundColor>-16777216</backgroundColor>
<lineWidth>1</lineWidth>
<points>
<point x="1638" y="715"/>
<point x="2066" y="715"/>
</points>
</Connector>
<Connector class="oracle.dbtools.crest.swingui.relational.TVFKRelation" oid="351B7E3B-193D-0B7E-4FAE-B929F77009CD" otype="FKIndexAssociation" vid_source="37791CBE-156F-A87F-F2D4-F0D10ABCBBD2" vid_target="269009A8-3900-324A-94E2-AC27341F5D91">
<hideElementsInCurrentOnly>false</hideElementsInCurrentOnly>
<backgroundColor>-16777216</backgroundColor>
<lineWidth>1</lineWidth>
<points>
<point x="2549" y="112"/>
<point x="2549" y="297"/>
<point x="2431" y="297"/>
</points>
</Connector>
<Connector class="oracle.dbtools.crest.swingui.relational.TVFKRelation" oid="3BD51148-563F-A704-1694-846B33C536A7" otype="FKIndexAssociation" vid_source="EC541675-F582-08A4-C18F-483D7B2AEED9" vid_target="269009A8-3900-324A-94E2-AC27341F5D91">
<hideElementsInCurrentOnly>false</hideElementsInCurrentOnly>
<backgroundColor>-16777216</backgroundColor>
<lineWidth>1</lineWidth>
<points>
<point x="2287" y="101"/>
<point x="2287" y="269"/>
</points>
</Connector>
<Connector class="oracle.dbtools.crest.swingui.relational.TVFKRelation" oid="44B70005-0E3A-764E-CFA9-E9960956DFF3" otype="FKIndexAssociation" vid_source="6B4C4B9E-8A3D-4A7D-4BE9-D457F4E90874" vid_target="4576C85C-BBBF-5592-C646-447117F99AD6">
<hideElementsInCurrentOnly>false</hideElementsInCurrentOnly>
<backgroundColor>-16777216</backgroundColor>
<lineWidth>1</lineWidth>
<points>
<point x="2215" y="763"/>
<point x="2215" y="1141"/>
</points>
</Connector>
<Connector class="oracle.dbtools.crest.swingui.relational.TVFKRelation" oid="44D73EBC-CA63-42F8-99F1-E39DE559BA0A" otype="FKIndexAssociation" vid_source="3B4BFBB7-B26F-A4B2-FED7-B45D2C868E13" vid_target="872EE694-8CEE-89F6-5318-38E9519E2ECD">
<hideElementsInCurrentOnly>false</hideElementsInCurrentOnly>
<backgroundColor>-16777216</backgroundColor>
<lineWidth>1</lineWidth>
<points>
<point x="346" y="1216"/>
<point x="648" y="1216"/>
</points>
</Connector>
<Connector class="oracle.dbtools.crest.swingui.relational.TVFKRelation" oid="543D6EC8-288F-F3D6-4131-14B0FA6B34EF" otype="FKIndexAssociation" vid_source="981AB69D-29A2-52B5-3BDC-4EC4B49C0410" vid_target="2202AF6A-C079-6B83-5EB7-5A1F095CB21E">
<hideElementsInCurrentOnly>false</hideElementsInCurrentOnly>
<backgroundColor>-16777216</backgroundColor>
<lineWidth>1</lineWidth>
<points>
<point x="1494" y="1282"/>
<point x="1494" y="1120"/>
</points>
</Connector>
<Connector class="oracle.dbtools.crest.swingui.relational.TVFKRelation" oid="73B94FD2-EE9B-8688-4E37-4F4782A1C23B" otype="FKIndexAssociation" vid_source="D9369E64-F035-38F8-6999-7CCCB300015E" vid_target="2621B36E-06A2-C623-655F-8EFB1E534BE7">
<hideElementsInCurrentOnly>false</hideElementsInCurrentOnly>
<backgroundColor>-16777216</backgroundColor>
<lineWidth>1</lineWidth>
<points>
<point x="1865" y="1449"/>
<point x="1865" y="956"/>
</points>
</Connector>
<Connector class="oracle.dbtools.crest.swingui.relational.TVFKRelation" oid="74424215-AAB9-D4FE-EBC6-89A0307FED69" otype="FKIndexAssociation" vid_source="684D5274-0D03-C910-2255-FCA52EBEB28A" vid_target="269009A8-3900-324A-94E2-AC27341F5D91">
<hideElementsInCurrentOnly>false</hideElementsInCurrentOnly>
<backgroundColor>-16777216</backgroundColor>
<lineWidth>1</lineWidth>
<points>
<point x="2681" y="347"/>
<point x="2431" y="347"/>
</points>
</Connector>
<Connector class="oracle.dbtools.crest.swingui.relational.TVFKRelation" oid="79861870-BF3F-DD4E-50CB-2069B1EFF446" otype="FKIndexAssociation" vid_source="872EE694-8CEE-89F6-5318-38E9519E2ECD" vid_target="4576C85C-BBBF-5592-C646-447117F99AD6">
<hideElementsInCurrentOnly>false</hideElementsInCurrentOnly>
<backgroundColor>-16777216</backgroundColor>
<lineWidth>1</lineWidth>
<points>
<point x="1053" y="1203"/>
<point x="2035" y="1203"/>
</points>
</Connector>
<Connector class="oracle.dbtools.crest.swingui.relational.TVFKRelation" oid="7C16F9F6-7C26-7CD4-9A8C-6A159E5D66E6" otype="FKIndexAssociation" vid_source="82D3CADA-DD2D-ECBE-6636-D05C20E9411C" vid_target="38CB89D8-9AF3-0CB3-E24B-B2D7EC1407FA">
<hideElementsInCurrentOnly>false</hideElementsInCurrentOnly>
<backgroundColor>-16777216</backgroundColor>
<lineWidth>1</lineWidth>
<points>
<point x="1292" y="1477"/>
<point x="1292" y="879"/>
</points>
</Connector>
<Connector class="oracle.dbtools.crest.swingui.relational.TVFKRelation" oid="7EA60311-5C2C-97DB-91B0-D9E184121EF7" otype="FKIndexAssociation" vid_source="06C8A4E7-4FE5-72BD-CB34-1D191A0A835B" vid_target="269009A8-3900-324A-94E2-AC27341F5D91">
<hideElementsInCurrentOnly>false</hideElementsInCurrentOnly>
<backgroundColor>-16777216</backgroundColor>
<lineWidth>1</lineWidth>
<points>
<point x="2023" y="112"/>
<point x="2023" y="308"/>
<point x="2073" y="308"/>
</points>
</Connector>
<Connector class="oracle.dbtools.crest.swingui.relational.TVFKRelation" oid="818A138B-1470-533A-7E91-E46406686FB9" otype="FKIndexAssociation" vid_source="F8B8C204-64C3-1DF6-B007-96943299BA17" vid_target="76F0565A-F662-0AAD-B6C1-C6C20F9C222B">
<hideElementsInCurrentOnly>false</hideElementsInCurrentOnly>
<backgroundColor>-16777216</backgroundColor>
<lineWidth>1</lineWidth>
<points>
<point x="750" y="335"/>
<point x="750" y="207"/>
</points>
</Connector>
<Connector class="oracle.dbtools.crest.swingui.relational.TVFKRelation" oid="82A567C0-4402-6640-9E0E-5D1F02F9FBC4" otype="FKIndexAssociation" vid_source="BE1EE9CC-B088-7D08-4F1A-D32637BB87F2" vid_target="38CB89D8-9AF3-0CB3-E24B-B2D7EC1407FA">
<hideElementsInCurrentOnly>false</hideElementsInCurrentOnly>
<backgroundColor>-16777216</backgroundColor>
<lineWidth>1</lineWidth>
<points>
<point x="926" y="753"/>
<point x="1272" y="753"/>
</points>
</Connector>
<Connector class="oracle.dbtools.crest.swingui.relational.TVFKRelation" oid="8FFF7786-33A6-1AC5-F58D-2C7E6DB91B53" otype="FKIndexAssociation" vid_source="82D3CADA-DD2D-ECBE-6636-D05C20E9411C" vid_target="D47B262A-91E9-15F7-A8EF-7F71FE8C2975">
<hideElementsInCurrentOnly>false</hideElementsInCurrentOnly>
<backgroundColor>-16777216</backgroundColor>
<lineWidth>1</lineWidth>
<points>
<point x="1090" y="1519"/>
<point x="865" y="1519"/>
</points>
</Connector>
<Connector class="oracle.dbtools.crest.swingui.relational.TVFKRelation" oid="951BC58B-3D71-355B-47C3-4FAE340B2E9C" otype="FKIndexAssociation" vid_source="7656856A-A2BD-EC6A-1437-D142FAD75FF2" vid_target="BE1EE9CC-B088-7D08-4F1A-D32637BB87F2">
<hideElementsInCurrentOnly>false</hideElementsInCurrentOnly>
<backgroundColor>-16777216</backgroundColor>
<lineWidth>1</lineWidth>
<points>
<point x="358" y="792"/>
<point x="631" y="792"/>
</points>
</Connector>
<Connector class="oracle.dbtools.crest.swingui.relational.TVFKRelation" oid="95AA7609-747B-EC7E-B6BC-DE6634F2A25E" otype="FKIndexAssociation" vid_source="BE1EE9CC-B088-7D08-4F1A-D32637BB87F2" vid_target="BDE689FC-1612-7759-162F-3DF8D24FB7AE">
<hideElementsInCurrentOnly>false</hideElementsInCurrentOnly>
<backgroundColor>-16777216</backgroundColor>
<lineWidth>1</lineWidth>
<points>
<point x="881" y="699"/>
<point x="881" y="453"/>
<point x="1325" y="453"/>
</points>
</Connector>
<Connector class="oracle.dbtools.crest.swingui.relational.TVFKRelation" oid="9D22B6BA-04C1-7DEB-11B6-8F101C59C072" otype="FKIndexAssociation" vid_source="269009A8-3900-324A-94E2-AC27341F5D91" vid_target="6B4C4B9E-8A3D-4A7D-4BE9-D457F4E90874">
<hideElementsInCurrentOnly>false</hideElementsInCurrentOnly>
<backgroundColor>-16777216</backgroundColor>
<lineWidth>1</lineWidth>
<points>
<point x="2218" y="493"/>
<point x="2218" y="638"/>
</points>
</Connector>
<Connector class="oracle.dbtools.crest.swingui.relational.TVFKRelation" oid="A7756C26-FFCB-8A89-5982-57C019F20A2B" otype="FKIndexAssociation" vid_source="BE1EE9CC-B088-7D08-4F1A-D32637BB87F2" vid_target="49E7D1B0-D5A3-6365-0F59-FFB8FF4D1BAC">
<hideElementsInCurrentOnly>false</hideElementsInCurrentOnly>
<backgroundColor>-16777216</backgroundColor>
<lineWidth>1</lineWidth>
<points>
<point x="631" y="723"/>
<point x="363" y="723"/>
</points>
</Connector>
<Connector class="oracle.dbtools.crest.swingui.relational.TVFKRelation" oid="BD430B00-7D44-9EEF-777C-922181127262" otype="FKIndexAssociation" vid_source="BE1EE9CC-B088-7D08-4F1A-D32637BB87F2" vid_target="F8B8C204-64C3-1DF6-B007-96943299BA17">
<hideElementsInCurrentOnly>false</hideElementsInCurrentOnly>
<backgroundColor>-16777216</backgroundColor>
<lineWidth>1</lineWidth>
<points>
<point x="750" y="699"/>
<point x="750" y="440"/>
</points>
</Connector>
<Connector class="oracle.dbtools.crest.swingui.relational.TVFKRelation" oid="C28C69A5-3A5E-0465-DCA0-8CD3E307BBCF" otype="FKIndexAssociation" vid_source="872EE694-8CEE-89F6-5318-38E9519E2ECD" vid_target="38CB89D8-9AF3-0CB3-E24B-B2D7EC1407FA">
<hideElementsInCurrentOnly>false</hideElementsInCurrentOnly>
<backgroundColor>-16777216</backgroundColor>
<lineWidth>1</lineWidth>
<points>
<point x="916" y="1120"/>
<point x="916" y="848"/>
<point x="1272" y="848"/>
</points>
</Connector>
<Connector class="oracle.dbtools.crest.swingui.relational.TVFKRelation" oid="C5F1B07C-C724-F429-CF98-98AA59D5378E" otype="FKIndexAssociation" vid_source="269009A8-3900-324A-94E2-AC27341F5D91" vid_target="BDE689FC-1612-7759-162F-3DF8D24FB7AE">
<hideElementsInCurrentOnly>false</hideElementsInCurrentOnly>
<backgroundColor>-16777216</backgroundColor>
<lineWidth>1</lineWidth>
<points>
<point x="2073" y="446"/>
<point x="1595" y="446"/>
</points>
</Connector>
<Connector class="oracle.dbtools.crest.swingui.relational.TVFKRelation" oid="D390A219-E650-E4B3-8750-EE0F74A687C7" otype="FKIndexAssociation" vid_source="42520EAE-DD7F-BEE2-561F-FAD0A1635DA9" vid_target="269009A8-3900-324A-94E2-AC27341F5D91">
<hideElementsInCurrentOnly>false</hideElementsInCurrentOnly>
<backgroundColor>-16777216</backgroundColor>
<lineWidth>1</lineWidth>
<points>
<point x="2685" y="442"/>
<point x="2431" y="442"/>
</points>
</Connector>
<Connector class="oracle.dbtools.crest.swingui.relational.TVFKRelation" oid="D6638E97-ED0E-4E08-40A0-C256E007E323" otype="FKIndexAssociation" vid_source="BE1EE9CC-B088-7D08-4F1A-D32637BB87F2" vid_target="872EE694-8CEE-89F6-5318-38E9519E2ECD">
<hideElementsInCurrentOnly>false</hideElementsInCurrentOnly>
<backgroundColor>-16777216</backgroundColor>
<lineWidth>1</lineWidth>
<points>
<point x="787" y="808"/>
<point x="787" y="1120"/>
</points>
</Connector>
<Connector class="oracle.dbtools.crest.swingui.relational.TVFKRelation" oid="D78CD635-5DAB-A5E6-7131-22C82F2D3FBB" otype="FKIndexAssociation" vid_source="872EE694-8CEE-89F6-5318-38E9519E2ECD" vid_target="872EE694-8CEE-89F6-5318-38E9519E2ECD">
<hideElementsInCurrentOnly>false</hideElementsInCurrentOnly>
<backgroundColor>-16777216</backgroundColor>
<lineWidth>1</lineWidth>
<points>
<point x="911" y="1285"/>
<point x="911" y="1235"/>
<point x="911" y="1332"/>
<point x="774" y="1332"/>
<point x="774" y="1285"/>
</points>
</Connector>
<Connector class="oracle.dbtools.crest.swingui.relational.TVFKRelation" oid="DD23F580-9A9E-57F1-AB96-71BC05AE189C" otype="FKIndexAssociation" vid_source="2202AF6A-C079-6B83-5EB7-5A1F095CB21E" vid_target="38CB89D8-9AF3-0CB3-E24B-B2D7EC1407FA">
<hideElementsInCurrentOnly>false</hideElementsInCurrentOnly>
<backgroundColor>-16777216</backgroundColor>
<lineWidth>1</lineWidth>
<points>
<point x="1492" y="991"/>
<point x="1492" y="879"/>
</points>
</Connector>
<Connector class="oracle.dbtools.crest.swingui.relational.TVFKRelation" oid="E6944045-7E60-2FF2-1D72-37A0A7C12457" otype="FKIndexAssociation" vid_source="6B4C4B9E-8A3D-4A7D-4BE9-D457F4E90874" vid_target="9C3BFA00-E936-B6AB-9CFB-2596612F6FF2">
<hideElementsInCurrentOnly>false</hideElementsInCurrentOnly>
<backgroundColor>-16777216</backgroundColor>
<lineWidth>1</lineWidth>
<points>
<point x="2364" y="679"/>
<point x="2669" y="679"/>
</points>
</Connector>
<Connector class="oracle.dbtools.crest.swingui.relational.TVFKRelation" oid="E6F84ACE-EA6B-4DBF-A860-FEFB7C5A7171" otype="FKIndexAssociation" vid_source="8DC2A902-78DB-A4FC-415A-C1CBC921A65B" vid_target="F5C52E99-E365-EAB4-57AF-76FD68616FED">
<hideElementsInCurrentOnly>false</hideElementsInCurrentOnly>
<backgroundColor>-16777216</backgroundColor>
<lineWidth>1</lineWidth>
<points>
<point x="1205" y="1942"/>
<point x="1205" y="1834"/>
</points>
</Connector>
<Connector class="oracle.dbtools.crest.swingui.relational.TVFKRelation" oid="F528EF69-F0D9-2909-5E0C-22CD46225441" otype="FKIndexAssociation" vid_source="82D3CADA-DD2D-ECBE-6636-D05C20E9411C" vid_target="D9369E64-F035-38F8-6999-7CCCB300015E">
<hideElementsInCurrentOnly>false</hideElementsInCurrentOnly>
<backgroundColor>-16777216</backgroundColor>
<lineWidth>1</lineWidth>
<points>
<point x="1313" y="1519"/>
<point x="1657" y="1519"/>
</points>
</Connector>
</connectors>
<arcs>
<Arc class="oracle.dbtools.crest.swingui.relational.TVFKArc" oid="47DA52F1-E0F8-A4B7-84D8-B5D1FD187932" otype="FKArc" vid="FF030984-2E9D-530A-886F-9D93E44E9279">
<hideElementsInCurrentOnly>false</hideElementsInCurrentOnly>
<bounds x="2046" y="618" width="338" height="165"/>
</Arc>
<Arc class="oracle.dbtools.crest.swingui.relational.TVFKArc" oid="B435141D-09EC-228B-7D78-10AA35FB9B74" otype="FKArc" vid="4EDEB864-3041-59AF-8C10-69962C0472FF">
<hideElementsInCurrentOnly>false</hideElementsInCurrentOnly>
<bounds x="1070" y="1457" width="263" height="124"/>
</Arc>
</arcs>
</Diagram>